2026-09-13 14:47:46 [LOOP] ★★★★★★★★★★★★★★★★★★★★★★★★★★★★★★★★★★★★★★★★★★★★★★★★★★
2026-09-13 14:47:46 [LOOP] 🤖 BENDY AUTOPILOT (Бесконечный запуск парсера)
2026-09-13 14:47:46 [LOOP] Нажми Ctrl+C в любой момент, чтобы остановить.
2026-09-13 14:47:46 [LOOP] ★★★★★★★★★★★★★★★★★★★★★★★★★★★★★★★★★★★★★★★★★★★★★★★★★★
2026-09-13 14:47:46 [LOOP] ▶️ ЗАПУСК #1...
2026-09-13 14:47:47 [INFO] 
★★★★★★★★★★★★★★★★★★★★★★★★★★★★★★★★★★★★★★★★★★★★★★★★★★★★★★★★★★★★
2026-09-13 14:47:47 [INFO] 🚀 ЗАПУСК BENDY SNIPER FEED SCRAPER (Машина Времени Активна)
2026-09-13 14:47:47 [INFO] ★★★★★★★★★★★★★★★★★★★★★★★★★★★★★★★★★★★★★★★★★★★★★★★★★★★★★★★★★★★★

2026-09-13 14:47:47 [INFO] 
============================================================
2026-09-13 14:47:47 [INFO] 🔎 АНАЛИЗ ПРОФИЛЯ: @Doberart
2026-09-13 14:47:47 [INFO] ============================================================
2026-09-13 14:47:47 [INFO]   📌 Сбор актуальной ленты...
2026-09-13 14:48:02 [INFO] 
  🕰️ [МАШИНА ВРЕМЕНИ] Поиск до 2026-08-31...
2026-09-13 14:48:56 [INFO] 
  🕰️ [МАШИНА ВРЕМЕНИ] Поиск до 2026-08-21...
2026-09-13 14:49:14 [INFO] 
  🕰️ [МАШИНА ВРЕМЕНИ] Поиск до 2026-08-19...
2026-09-13 14:50:17 [INFO]   ✅ ИТОГ (@Doberart): Успешно. Всего постов: 52 (Новых: 52)
2026-09-13 14:50:17 [INFO] 
============================================================
2026-09-13 14:50:17 [INFO] 🔎 АНАЛИЗ ПРОФИЛЯ: @themeatly
2026-09-13 14:50:17 [INFO] ============================================================
2026-09-13 14:50:17 [INFO]   📌 Сбор актуальной ленты...
2026-09-13 14:51:02 [INFO] 
  🕰️ [МАШИНА ВРЕМЕНИ] Поиск до 2026-08-19...
2026-09-13 14:51:58 [INFO] 
  🕰️ [МАШИНА ВРЕМЕНИ] Поиск до 2026-06-27...
2026-09-13 14:52:18 [INFO] 
  🕰️ [МАШИНА ВРЕМЕНИ] Поиск до 2026-04-27...
2026-09-13 14:53:18 [INFO]   ✅ ИТОГ (@themeatly): Успешно. Всего постов: 64 (Новых: 64)
2026-09-13 14:53:18 [INFO] 
============================================================
2026-09-13 14:53:18 [INFO] 🔎 АНАЛИЗ ПРОФИЛЯ: @m_ZeroLogics
2026-09-13 14:53:18 [INFO] ============================================================
2026-09-13 14:53:18 [INFO]   📌 Сбор актуальной ленты...
2026-09-13 14:53:22 [INFO] 
  🕰️ [МАШИНА ВРЕМЕНИ] Поиск до 2026-07-15...
2026-09-13 14:53:31 [INFO] 
  🕰️ [МАШИНА ВРЕМЕНИ] Поиск до 2026-07-09...
2026-09-13 14:53:44 [INFO] 
  🕰️ [МАШИНА ВРЕМЕНИ] Поиск до 2026-07-08...
2026-09-13 14:54:22 [INFO]   ✅ ИТОГ (@m_ZeroLogics): Успешно. Всего постов: 49 (Новых: 49)
2026-09-13 14:54:22 [INFO] 
============================================================
2026-09-13 14:54:22 [INFO] 🔎 АНАЛИЗ ПРОФИЛЯ: @BLacroix30
2026-09-13 14:54:22 [INFO] ============================================================
2026-09-13 14:54:22 [INFO]   📌 Сбор актуальной ленты...
2026-09-13 14:54:25 [INFO] 
  🕰️ [МАШИНА ВРЕМЕНИ] Поиск до 2026-07-23...
2026-09-13 14:55:05 [INFO] 
  🕰️ [МАШИНА ВРЕМЕНИ] Поиск до 2026-05-02...
2026-09-13 14:55:52 [INFO] 
  🕰️ [МАШИНА ВРЕМЕНИ] Поиск до 2026-02-25...
2026-09-13 14:56:21 [INFO]   ✅ ИТОГ (@BLacroix30): Успешно. Всего постов: 63 (Новых: 63)
2026-09-13 14:56:21 [INFO] 
============================================================
2026-09-13 14:56:21 [INFO] 🔎 АНАЛИЗ ПРОФИЛЯ: @bookpast
2026-09-13 14:56:21 [INFO] ============================================================
2026-09-13 14:56:21 [INFO]   📌 Сбор актуальной ленты...
2026-09-13 14:57:02 [INFO] 
  🕰️ [МАШИНА ВРЕМЕНИ] Поиск до 2026-04-16...
2026-09-13 14:58:05 [INFO] 
  🕰️ [МАШИНА ВРЕМЕНИ] Поиск до 2025-08-16...
2026-09-13 14:58:23 [INFO] 
  🕰️ [МАШИНА ВРЕМЕНИ] Поиск до 2024-10-23...
2026-09-13 14:59:54 [INFO]   ✅ ИТОГ (@bookpast): Успешно. Всего постов: 60 (Новых: 60)
2026-09-13 14:59:54 [INFO] 
============================================================
2026-09-13 14:59:54 [INFO] 🔎 АНАЛИЗ ПРОФИЛЯ: @BendyRun
2026-09-13 14:59:54 [INFO] ============================================================
2026-09-13 14:59:54 [INFO]   📌 Сбор актуальной ленты...
2026-09-13 14:59:56 [INFO] 
  🕰️ [МАШИНА ВРЕМЕНИ] Поиск до 2026-08-19...
2026-09-13 15:00:03 [INFO] 
  🕰️ [МАШИНА ВРЕМЕНИ] Поиск до 2026-08-17...
2026-09-13 15:00:16 [INFO] 
  🕰️ [МАШИНА ВРЕМЕНИ] Поиск до 2026-02-18...
2026-09-13 15:01:11 [INFO]       Пусто. Делаем прыжок на 6 месяцев назад...
2026-09-13 15:01:14 [INFO]   ✅ ИТОГ (@BendyRun): Успешно. Всего постов: 9 (Новых: 9)
2026-09-13 15:01:14 [INFO] 
============================================================
2026-09-13 15:01:14 [INFO] 🔎 АНАЛИЗ ПРОФИЛЯ: @GentCorporation
2026-09-13 15:01:14 [INFO] ============================================================
2026-09-13 15:01:14 [INFO]   📌 Сбор актуальной ленты...
2026-09-13 15:02:12 [INFO] 
  🕰️ [МАШИНА ВРЕМЕНИ] Поиск до 2025-08-11...
2026-09-13 15:03:07 [INFO] 
  🕰️ [МАШИНА ВРЕМЕНИ] Поиск до 2025-08-08...
2026-09-13 15:03:54 [INFO] 
  🕰️ [МАШИНА ВРЕМЕНИ] Поиск до 2025-02-09...
2026-09-13 15:04:41 [INFO]       Пусто. Делаем прыжок на 6 месяцев назад...
2026-09-13 15:04:41 [INFO]   ✅ ИТОГ (@GentCorporation): Успешно. Всего постов: 25 (Новых: 25)
2026-09-13 15:04:41 [INFO] 
============================================================
2026-09-13 15:04:41 [INFO] 🔎 АНАЛИЗ ПРОФИЛЯ: @Bendy
2026-09-13 15:04:41 [INFO] ============================================================
2026-09-13 15:04:41 [INFO]   📌 Сбор актуальной ленты...
2026-09-13 15:04:54 [INFO] 
  🕰️ [МАШИНА ВРЕМЕНИ] Поиск до 2026-07-11...
2026-09-13 15:05:57 [INFO] 
  🕰️ [МАШИНА ВРЕМЕНИ] Поиск до 2026-06-27...
2026-09-13 15:06:55 [INFO] 
  🕰️ [МАШИНА ВРЕМЕНИ] Поиск до 2026-04-16...
2026-09-13 15:09:06 [INFO]   ✅ ИТОГ (@Bendy): Успешно. Всего постов: 55 (Новых: 55)
2026-09-13 15:09:06 [INFO] 
🏁 ПАРСИНГ ЗАВЕРШЕН за 1279.45 сек.

2026-09-13 15:10:06 [LOOP] ▶️ ЗАПУСК #2...
2026-09-13 15:10:06 [INFO] 
★★★★★★★★★★★★★★★★★★★★★★★★★★★★★★★★★★★★★★★★★★★★★★★★★★★★★★★★★★★★
2026-09-13 15:10:06 [INFO] 🚀 ЗАПУСК BENDY SNIPER FEED SCRAPER (Машина Времени Активна)
2026-09-13 15:10:06 [INFO] ★★★★★★★★★★★★★★★★★★★★★★★★★★★★★★★★★★★★★★★★★★★★★★★★★★★★★★★★★★★★

2026-09-13 15:10:06 [INFO] 
============================================================
2026-09-13 15:10:06 [INFO] 🔎 АНАЛИЗ ПРОФИЛЯ: @Doberart
2026-09-13 15:10:06 [INFO] ============================================================
2026-09-13 15:10:06 [INFO]   📌 Сбор актуальной ленты...
2026-09-13 15:10:51 [INFO] 
  🕰️ [МАШИНА ВРЕМЕНИ] Поиск до 2026-08-17...
2026-09-13 15:11:07 [INFO] 
  🕰️ [МАШИНА ВРЕМЕНИ] Поиск до 2026-08-16...
2026-09-13 15:12:06 [INFO] 
  🕰️ [МАШИНА ВРЕМЕНИ] Поиск до 2026-08-09...
2026-09-13 15:12:36 [INFO]   ✅ ИТОГ (@Doberart): Успешно. Всего постов: 80 (Новых: 28)
2026-09-13 15:12:36 [INFO] 
============================================================
2026-09-13 15:12:36 [INFO] 🔎 АНАЛИЗ ПРОФИЛЯ: @themeatly
2026-09-13 15:12:36 [INFO] ============================================================
2026-09-13 15:12:36 [INFO]   📌 Сбор актуальной ленты...
2026-09-13 15:12:52 [INFO] 
  🕰️ [МАШИНА ВРЕМЕНИ] Поиск до 2026-04-04...
2026-09-13 15:13:01 [INFO] 
  🕰️ [МАШИНА ВРЕМЕНИ] Поиск до 2026-02-25...
2026-09-13 15:13:19 [INFO] 
  🕰️ [МАШИНА ВРЕМЕНИ] Поиск до 2026-02-07...
2026-09-13 15:13:46 [INFO]   ✅ ИТОГ (@themeatly): Успешно. Всего постов: 116 (Новых: 52)
2026-09-13 15:13:46 [INFO] 
============================================================
2026-09-13 15:13:46 [INFO] 🔎 АНАЛИЗ ПРОФИЛЯ: @m_ZeroLogics
2026-09-13 15:13:46 [INFO] ============================================================
2026-09-13 15:13:46 [INFO]   📌 Сбор актуальной ленты...
2026-09-13 15:13:53 [INFO] 
  🕰️ [МАШИНА ВРЕМЕНИ] Поиск до 2026-07-06...
2026-09-13 15:14:16 [INFO] 
  🕰️ [МАШИНА ВРЕМЕНИ] Поиск до 2026-07-03...
2026-09-13 15:14:27 [INFO] 
  🕰️ [МАШИНА ВРЕМЕНИ] Поиск до 2026-07-02...
2026-09-13 15:14:44 [INFO]   ✅ ИТОГ (@m_ZeroLogics): Успешно. Всего постов: 83 (Новых: 34)
2026-09-13 15:14:44 [INFO] 
============================================================
2026-09-13 15:14:44 [INFO] 🔎 АНАЛИЗ ПРОФИЛЯ: @BLacroix30
2026-09-13 15:14:44 [INFO] ============================================================
2026-09-13 15:14:44 [INFO]   📌 Сбор актуальной ленты...
2026-09-13 15:14:49 [INFO] 
  🕰️ [МАШИНА ВРЕМЕНИ] Поиск до 2026-02-05...
2026-09-13 15:15:40 [INFO] 
  🕰️ [МАШИНА ВРЕМЕНИ] Поиск до 2025-11-05...
2026-09-13 15:16:01 [INFO] 
  🕰️ [МАШИНА ВРЕМЕНИ] Поиск до 2025-10-26...
2026-09-13 15:17:11 [INFO]   ✅ ИТОГ (@BLacroix30): Успешно. Всего постов: 119 (Новых: 56)
2026-09-13 15:17:11 [INFO] 
============================================================
2026-09-13 15:17:11 [INFO] 🔎 АНАЛИЗ ПРОФИЛЯ: @bookpast
2026-09-13 15:17:11 [INFO] ============================================================
2026-09-13 15:17:11 [INFO]   📌 Сбор актуальной ленты...
2026-09-13 15:17:26 [INFO] 
  🕰️ [МАШИНА ВРЕМЕНИ] Поиск до 2023-12-26...
2026-09-13 15:17:50 [INFO] 
  🕰️ [МАШИНА ВРЕМЕНИ] Поиск до 2022-11-30...
2026-09-13 15:18:41 [INFO] 
  🕰️ [МАШИНА ВРЕМЕНИ] Поиск до 2022-11-12...
2026-09-13 15:19:53 [INFO]   ✅ ИТОГ (@bookpast): Успешно. Всего постов: 113 (Новых: 53)
2026-09-13 15:19:53 [INFO] 
============================================================
2026-09-13 15:19:53 [INFO] 🔎 АНАЛИЗ ПРОФИЛЯ: @BendyRun
2026-09-13 15:19:53 [INFO] ============================================================
2026-09-13 15:19:53 [INFO]   📌 Сбор актуальной ленты...
2026-09-13 15:20:05 [INFO] 
  🕰️ [МАШИНА ВРЕМЕНИ] Поиск до 2026-08-17...
2026-09-13 15:21:07 [INFO] 
  🕰️ [МАШИНА ВРЕМЕНИ] Поиск до 2026-02-18...
2026-09-13 15:21:52 [INFO]       Пусто. Делаем прыжок на 6 месяцев назад...
2026-09-13 15:21:52 [INFO] 
  🕰️ [МАШИНА ВРЕМЕНИ] Поиск до 2025-08-22...
2026-09-13 15:22:47 [INFO]       Пусто. Делаем прыжок на 6 месяцев назад...
2026-09-13 15:22:47 [INFO]   ✅ ИТОГ (@BendyRun): Успешно. Всего постов: 9 (Новых: 0)
2026-09-13 15:22:47 [INFO] 
============================================================
2026-09-13 15:22:47 [INFO] 🔎 АНАЛИЗ ПРОФИЛЯ: @GentCorporation
2026-09-13 15:22:47 [INFO] ============================================================
2026-09-13 15:22:47 [INFO]   📌 Сбор актуальной ленты...
2026-09-13 15:22:49 [INFO] 
  🕰️ [МАШИНА ВРЕМЕНИ] Поиск до 2025-08-08...
2026-09-13 15:23:07 [INFO] 
  🕰️ [МАШИНА ВРЕМЕНИ] Поиск до 2025-02-09...
2026-09-13 15:23:58 [INFO]       Пусто. Делаем прыжок на 6 месяцев назад...
2026-09-13 15:23:58 [INFO] 
  🕰️ [МАШИНА ВРЕМЕНИ] Поиск до 2024-08-13...
2026-09-13 15:24:53 [INFO]       Пусто. Делаем прыжок на 6 месяцев назад...
2026-09-13 15:24:53 [INFO]   ✅ ИТОГ (@GentCorporation): Успешно. Всего постов: 25 (Новых: 0)
2026-09-13 15:24:53 [INFO] 
============================================================
2026-09-13 15:24:53 [INFO] 🔎 АНАЛИЗ ПРОФИЛЯ: @Bendy
2026-09-13 15:24:53 [INFO] ============================================================
2026-09-13 15:24:53 [INFO]   📌 Сбор актуальной ленты...
2026-09-13 15:25:09 [INFO] 
  🕰️ [МАШИНА ВРЕМЕНИ] Поиск до 2026-02-25...
2026-09-13 15:25:59 [INFO] 
  🕰️ [МАШИНА ВРЕМЕНИ] Поиск до 2026-02-13...
2026-09-13 15:26:52 [INFO] 
  🕰️ [МАШИНА ВРЕМЕНИ] Поиск до 2026-02-12...
2026-09-13 15:27:27 [INFO]   ✅ ИТОГ (@Bendy): Успешно. Всего постов: 93 (Новых: 38)
2026-09-13 15:27:28 [INFO] 
🏁 ПАРСИНГ ЗАВЕРШЕН за 1041.29 сек.

2026-09-13 15:27:28 [LOOP] ✅ Работа скрапера завершена.
2026-09-13 15:28:28 [LOOP] ▶️ ЗАПУСК #3...
2026-09-13 15:28:28 [INFO] 
★★★★★★★★★★★★★★★★★★★★★★★★★★★★★★★★★★★★★★★★★★★★★★★★★★★★★★★★★★★★
2026-09-13 15:28:28 [INFO] 🚀 ЗАПУСК BENDY SNIPER FEED SCRAPER (Машина Времени Активна)
2026-09-13 15:28:28 [INFO] ★★★★★★★★★★★★★★★★★★★★★★★★★★★★★★★★★★★★★★★★★★★★★★★★★★★★★★★★★★★★

2026-09-13 15:28:28 [INFO] 
============================================================
2026-09-13 15:28:28 [INFO] 🔎 АНАЛИЗ ПРОФИЛЯ: @Doberart
2026-09-13 15:28:28 [INFO] ============================================================
2026-09-13 15:28:28 [INFO]   📌 Сбор актуальной ленты...
2026-09-13 15:28:30 [INFO] 
  🕰️ [МАШИНА ВРЕМЕНИ] Поиск до 2026-07-16...
2026-09-13 15:29:11 [INFO] 
  🕰️ [МАШИНА ВРЕМЕНИ] Поиск до 2026-07-08...
2026-09-13 15:29:21 [INFO] 
  🕰️ [МАШИНА ВРЕМЕНИ] Поиск до 2026-06-29...
2026-09-13 15:37:21 [LOOP] ★★★★★★★★★★★★★★★★★★★★★★★★★★★★★★★★★★★★★★★★★★★★★★★★★★
2026-09-13 15:37:21 [LOOP] 🤖 BENDY AUTOPILOT (Бесконечный запуск парсера)
2026-09-13 15:37:21 [LOOP] 🎯 СФОКУСИРОВАННАЯ ЦЕЛЬ: @themeatly
2026-09-13 15:37:21 [LOOP] Нажми Ctrl+C в любой момент, чтобы остановить.
2026-09-13 15:37:21 [LOOP] ★★★★★★★★★★★★★★★★★★★★★★★★★★★★★★★★★★★★★★★★★★★★★★★★★★
2026-09-13 15:37:21 [LOOP] ▶️ ЗАПУСК #1...
2026-09-13 15:37:21 [INFO] 
★★★★★★★★★★★★★★★★★★★★★★★★★★★★★★★★★★★★★★★★★★★★★★★★★★★★★★★★★★★★
2026-09-13 15:37:21 [INFO] 🚀 ЗАПУСК BENDY SNIPER FEED SCRAPER (Машина Времени Активна)
2026-09-13 15:37:21 [INFO] ★★★★★★★★★★★★★★★★★★★★★★★★★★★★★★★★★★★★★★★★★★★★★★★★★★★★★★★★★★★★

2026-09-13 15:37:21 [INFO] 
============================================================
2026-09-13 15:37:21 [INFO] 🔎 АНАЛИЗ ПРОФИЛЯ: @themeatly
2026-09-13 15:37:21 [INFO] ============================================================
2026-09-13 15:37:21 [INFO]   📌 Сбор актуальной ленты...
2026-09-13 15:37:32 [INFO] 
  🕰️ [МАШИНА ВРЕМЕНИ] Поиск до 2026-01-12...
2026-09-13 15:38:30 [INFO] 
  🕰️ [МАШИНА ВРЕМЕНИ] Поиск до 2025-11-29...
2026-09-13 15:39:18 [INFO] 
  🕰️ [МАШИНА ВРЕМЕНИ] Поиск до 2025-11-12...
2026-09-13 15:40:00 [INFO]   ✅ ИТОГ (@themeatly): Успешно. Всего постов: 167 (Новых: 51)
2026-09-13 15:40:00 [INFO] 
🏁 ПАРСИНГ ЗАВЕРШЕН за 159.51 сек.

2026-09-13 15:41:00 [LOOP] ▶️ ЗАПУСК #2...
2026-09-13 15:41:01 [INFO] 
★★★★★★★★★★★★★★★★★★★★★★★★★★★★★★★★★★★★★★★★★★★★★★★★★★★★★★★★★★★★
2026-09-13 15:41:01 [INFO] 🚀 ЗАПУСК BENDY SNIPER FEED SCRAPER (Машина Времени Активна)
2026-09-13 15:41:01 [INFO] ★★★★★★★★★★★★★★★★★★★★★★★★★★★★★★★★★★★★★★★★★★★★★★★★★★★★★★★★★★★★

2026-09-13 15:41:01 [INFO] 
============================================================
2026-09-13 15:41:01 [INFO] 🔎 АНАЛИЗ ПРОФИЛЯ: @themeatly
2026-09-13 15:41:01 [INFO] ============================================================
2026-09-13 15:41:01 [INFO]   📌 Сбор актуальной ленты...
2026-09-13 15:41:42 [INFO] 
  🕰️ [МАШИНА ВРЕМЕНИ] Поиск до 2025-11-04...
2026-09-13 15:41:56 [INFO] 
  🕰️ [МАШИНА ВРЕМЕНИ] Поиск до 2025-11-03...
2026-09-13 15:42:16 [INFO] 
  🕰️ [МАШИНА ВРЕМЕНИ] Поиск до 2025-05-07...
2026-09-13 15:42:25 [INFO]   ✅ ИТОГ (@themeatly): Успешно. Всего постов: 200 (Новых: 33)
2026-09-13 15:42:25 [INFO] 
🏁 ПАРСИНГ ЗАВЕРШЕН за 83.96 сек.

2026-09-13 15:42:25 [LOOP] ✅ Работа скрапера завершена.
2026-09-13 15:43:25 [LOOP] ▶️ ЗАПУСК #3...
2026-09-13 15:43:25 [INFO] 
★★★★★★★★★★★★★★★★★★★★★★★★★★★★★★★★★★★★★★★★★★★★★★★★★★★★★★★★★★★★
2026-09-13 15:43:25 [INFO] 🚀 ЗАПУСК BENDY SNIPER FEED SCRAPER (Машина Времени Активна)
2026-09-13 15:43:25 [INFO] ★★★★★★★★★★★★★★★★★★★★★★★★★★★★★★★★★★★★★★★★★★★★★★★★★★★★★★★★★★★★

2026-09-13 15:43:25 [INFO] 
============================================================
2026-09-13 15:43:25 [INFO] 🔎 АНАЛИЗ ПРОФИЛЯ: @themeatly
2026-09-13 15:43:25 [INFO] ============================================================
2026-09-13 15:43:25 [INFO]   📌 Сбор актуальной ленты...
2026-09-13 15:43:26 [INFO] 
  🕰️ [МАШИНА ВРЕМЕНИ] Поиск до 2025-04-20...
2026-09-13 15:43:35 [INFO] 
  🕰️ [МАШИНА ВРЕМЕНИ] Поиск до 2025-04-16...
2026-09-13 15:44:34 [INFO] 
  🕰️ [МАШИНА ВРЕМЕНИ] Поиск до 2025-04-05...
2026-09-13 15:45:40 [INFO]   ✅ ИТОГ (@themeatly): Успешно. Всего постов: 244 (Новых: 44)
2026-09-13 15:45:40 [INFO] 
🏁 ПАРСИНГ ЗАВЕРШЕН за 135.25 сек.

2026-09-13 15:45:40 [LOOP] ✅ Работа скрапера завершена.
2026-09-13 15:46:40 [LOOP] ▶️ ЗАПУСК #4...
2026-09-13 15:46:40 [INFO] 
★★★★★★★★★★★★★★★★★★★★★★★★★★★★★★★★★★★★★★★★★★★★★★★★★★★★★★★★★★★★
2026-09-13 15:46:40 [INFO] 🚀 ЗАПУСК BENDY SNIPER FEED SCRAPER (Машина Времени Активна)
2026-09-13 15:46:40 [INFO] ★★★★★★★★★★★★★★★★★★★★★★★★★★★★★★★★★★★★★★★★★★★★★★★★★★★★★★★★★★★★

2026-09-13 15:46:40 [INFO] 
============================================================
2026-09-13 15:46:40 [INFO] 🔎 АНАЛИЗ ПРОФИЛЯ: @themeatly
2026-09-13 15:46:40 [INFO] ============================================================
2026-09-13 15:46:40 [INFO]   📌 Сбор актуальной ленты...
2026-09-13 15:47:02 [INFO] 
  🕰️ [МАШИНА ВРЕМЕНИ] Поиск до 2025-03-14...
2026-09-13 15:48:02 [INFO] 
  🕰️ [МАШИНА ВРЕМЕНИ] Поиск до 2025-02-23...
2026-09-13 15:48:27 [INFO] 
  🕰️ [МАШИНА ВРЕМЕНИ] Поиск до 2025-02-17...
2026-09-13 15:48:50 [INFO]   ✅ ИТОГ (@themeatly): Успешно. Всего постов: 293 (Новых: 49)
2026-09-13 15:48:50 [INFO] 
🏁 ПАРСИНГ ЗАВЕРШЕН за 129.5 сек.

2026-09-13 15:48:50 [LOOP] ✅ Работа скрапера завершена.
2026-09-13 15:49:50 [LOOP] ▶️ ЗАПУСК #5...
2026-09-13 15:49:50 [INFO] 
★★★★★★★★★★★★★★★★★★★★★★★★★★★★★★★★★★★★★★★★★★★★★★★★★★★★★★★★★★★★
2026-09-13 15:49:50 [INFO] 🚀 ЗАПУСК BENDY SNIPER FEED SCRAPER (Машина Времени Активна)
2026-09-13 15:49:50 [INFO] ★★★★★★★★★★★★★★★★★★★★★★★★★★★★★★★★★★★★★★★★★★★★★★★★★★★★★★★★★★★★

2026-09-13 15:49:50 [INFO] 
============================================================
2026-09-13 15:49:50 [INFO] 🔎 АНАЛИЗ ПРОФИЛЯ: @themeatly
2026-09-13 15:49:50 [INFO] ============================================================
2026-09-13 15:49:50 [INFO]   📌 Сбор актуальной ленты...
2026-09-13 15:49:57 [INFO] 
  🕰️ [МАШИНА ВРЕМЕНИ] Поиск до 2025-02-09...
2026-09-13 15:50:58 [INFO] 
  🕰️ [МАШИНА ВРЕМЕНИ] Поиск до 2025-02-08...
2026-09-13 15:51:28 [INFO] 
  🕰️ [МАШИНА ВРЕМЕНИ] Поиск до 2024-08-12...
2026-09-13 15:52:09 [INFO]   ✅ ИТОГ (@themeatly): Успешно. Всего постов: 331 (Новых: 38)
2026-09-13 15:52:09 [INFO] 
🏁 ПАРСИНГ ЗАВЕРШЕН за 138.82 сек.

2026-09-13 15:52:09 [LOOP] ✅ Работа скрапера завершена.
2026-09-13 15:53:09 [LOOP] ▶️ ЗАПУСК #6...
2026-09-13 15:53:09 [INFO] 
★★★★★★★★★★★★★★★★★★★★★★★★★★★★★★★★★★★★★★★★★★★★★★★★★★★★★★★★★★★★
2026-09-13 15:53:09 [INFO] 🚀 ЗАПУСК BENDY SNIPER FEED SCRAPER (Машина Времени Активна)
2026-09-13 15:53:09 [INFO] ★★★★★★★★★★★★★★★★★★★★★★★★★★★★★★★★★★★★★★★★★★★★★★★★★★★★★★★★★★★★

2026-09-13 15:53:09 [INFO] 
============================================================
2026-09-13 15:53:09 [INFO] 🔎 АНАЛИЗ ПРОФИЛЯ: @themeatly
2026-09-13 15:53:09 [INFO] ============================================================
2026-09-13 15:53:09 [INFO]   📌 Сбор актуальной ленты...
2026-09-13 15:53:40 [INFO] 
  🕰️ [МАШИНА ВРЕМЕНИ] Поиск до 2024-07-27...
2026-09-13 15:53:50 [INFO] 
  🕰️ [МАШИНА ВРЕМЕНИ] Поиск до 2024-07-17...
2026-09-13 15:54:02 [INFO] 
  🕰️ [МАШИНА ВРЕМЕНИ] Поиск до 2024-07-09...
2026-09-13 15:54:42 [INFO]   ✅ ИТОГ (@themeatly): Успешно. Всего постов: 375 (Новых: 44)
2026-09-13 15:54:42 [INFO] 
🏁 ПАРСИНГ ЗАВЕРШЕН за 92.84 сек.

2026-09-13 15:54:42 [LOOP] ✅ Работа скрапера завершена.
2026-09-13 15:55:42 [LOOP] ▶️ ЗАПУСК #7...
2026-09-13 15:55:42 [INFO] 
★★★★★★★★★★★★★★★★★★★★★★★★★★★★★★★★★★★★★★★★★★★★★★★★★★★★★★★★★★★★
2026-09-13 15:55:42 [INFO] 🚀 ЗАПУСК BENDY SNIPER FEED SCRAPER (Машина Времени Активна)
2026-09-13 15:55:42 [INFO] ★★★★★★★★★★★★★★★★★★★★★★★★★★★★★★★★★★★★★★★★★★★★★★★★★★★★★★★★★★★★

2026-09-13 15:55:42 [INFO] 
============================================================
2026-09-13 15:55:42 [INFO] 🔎 АНАЛИЗ ПРОФИЛЯ: @themeatly
2026-09-13 15:55:42 [INFO] ============================================================
2026-09-13 15:55:42 [INFO]   📌 Сбор актуальной ленты...
2026-09-13 15:55:44 [INFO] 
  🕰️ [МАШИНА ВРЕМЕНИ] Поиск до 2024-07-02...
2026-09-13 15:56:44 [INFO] 
  🕰️ [МАШИНА ВРЕМЕНИ] Поиск до 2024-06-23...
2026-09-13 15:56:54 [INFO] 
  🕰️ [МАШИНА ВРЕМЕНИ] Поиск до 2024-06-02...
2026-09-13 15:57:59 [INFO]   ✅ ИТОГ (@themeatly): Успешно. Всего постов: 426 (Новых: 51)
2026-09-13 15:57:59 [INFO] 
🏁 ПАРСИНГ ЗАВЕРШЕН за 136.71 сек.

2026-09-13 15:57:59 [LOOP] ✅ Работа скрапера завершена.
2026-09-13 15:58:59 [LOOP] ▶️ ЗАПУСК #8...
2026-09-13 15:58:59 [INFO] 
★★★★★★★★★★★★★★★★★★★★★★★★★★★★★★★★★★★★★★★★★★★★★★★★★★★★★★★★★★★★
2026-09-13 15:58:59 [INFO] 🚀 ЗАПУСК BENDY SNIPER FEED SCRAPER (Машина Времени Активна)
2026-09-13 15:58:59 [INFO] ★★★★★★★★★★★★★★★★★★★★★★★★★★★★★★★★★★★★★★★★★★★★★★★★★★★★★★★★★★★★

2026-09-13 15:58:59 [INFO] 
============================================================
2026-09-13 15:58:59 [INFO] 🔎 АНАЛИЗ ПРОФИЛЯ: @themeatly
2026-09-13 15:58:59 [INFO] ============================================================
2026-09-13 15:58:59 [INFO]   📌 Сбор актуальной ленты...
2026-09-13 15:59:03 [INFO] 
  🕰️ [МАШИНА ВРЕМЕНИ] Поиск до 2024-05-18...
2026-09-13 15:59:59 [INFO]       Пусто. Делаем прыжок на 6 месяцев назад...
2026-09-13 15:59:59 [INFO] 
  🕰️ [МАШИНА ВРЕМЕНИ] Поиск до 2023-11-20...
2026-09-13 16:00:29 [INFO] 
  🕰️ [МАШИНА ВРЕМЕНИ] Поиск до 2023-11-11...
2026-09-13 16:01:33 [INFO]   ✅ ИТОГ (@themeatly): Успешно. Всего постов: 458 (Новых: 32)
2026-09-13 16:01:33 [INFO] 
🏁 ПАРСИНГ ЗАВЕРШЕН за 154.4 сек.

2026-09-13 16:01:33 [LOOP] ✅ Работа скрапера завершена.
2026-09-13 16:02:33 [LOOP] ▶️ ЗАПУСК #9...
2026-09-13 16:02:34 [INFO] 
★★★★★★★★★★★★★★★★★★★★★★★★★★★★★★★★★★★★★★★★★★★★★★★★★★★★★★★★★★★★
2026-09-13 16:02:34 [INFO] 🚀 ЗАПУСК BENDY SNIPER FEED SCRAPER (Машина Времени Активна)
2026-09-13 16:02:34 [INFO] ★★★★★★★★★★★★★★★★★★★★★★★★★★★★★★★★★★★★★★★★★★★★★★★★★★★★★★★★★★★★

2026-09-13 16:02:34 [INFO] 
============================================================
2026-09-13 16:02:34 [INFO] 🔎 АНАЛИЗ ПРОФИЛЯ: @themeatly
2026-09-13 16:02:34 [INFO] ============================================================
2026-09-13 16:02:34 [INFO]   📌 Сбор актуальной ленты...
2026-09-13 16:02:58 [INFO] 
  🕰️ [МАШИНА ВРЕМЕНИ] Поиск до 2023-11-07...
2026-09-13 16:03:51 [INFO] 
  🕰️ [МАШИНА ВРЕМЕНИ] Поиск до 2023-11-02...
2026-09-13 16:04:18 [INFO] 
  🕰️ [МАШИНА ВРЕМЕНИ] Поиск до 2023-10-23...
2026-09-13 16:04:28 [INFO]   ✅ ИТОГ (@themeatly): Успешно. Всего постов: 499 (Новых: 41)
2026-09-13 16:04:28 [INFO] 
🏁 ПАРСИНГ ЗАВЕРШЕН за 114.73 сек.

2026-09-13 16:04:28 [LOOP] ✅ Работа скрапера завершена.
2026-09-13 16:05:28 [LOOP] ▶️ ЗАПУСК #10...
2026-09-13 16:05:28 [INFO] 
★★★★★★★★★★★★★★★★★★★★★★★★★★★★★★★★★★★★★★★★★★★★★★★★★★★★★★★★★★★★
2026-09-13 16:05:28 [INFO] 🚀 ЗАПУСК BENDY SNIPER FEED SCRAPER (Машина Времени Активна)
2026-09-13 16:05:28 [INFO] ★★★★★★★★★★★★★★★★★★★★★★★★★★★★★★★★★★★★★★★★★★★★★★★★★★★★★★★★★★★★

2026-09-13 16:05:28 [INFO] 
============================================================
2026-09-13 16:05:28 [INFO] 🔎 АНАЛИЗ ПРОФИЛЯ: @themeatly
2026-09-13 16:05:28 [INFO] ============================================================
2026-09-13 16:05:28 [INFO]   📌 Сбор актуальной ленты...
2026-09-13 16:06:14 [INFO] 
  🕰️ [МАШИНА ВРЕМЕНИ] Поиск до 2023-10-16...
2026-09-13 16:06:41 [INFO] 
  🕰️ [МАШИНА ВРЕМЕНИ] Поиск до 2023-10-03...
2026-09-13 16:07:41 [INFO]       Пусто. Делаем прыжок на 6 месяцев назад...
2026-09-13 16:07:41 [INFO] 
  🕰️ [МАШИНА ВРЕМЕНИ] Поиск до 2023-04-06...
2026-09-13 16:07:50 [INFO]   ✅ ИТОГ (@themeatly): Успешно. Всего постов: 534 (Новых: 35)
2026-09-13 16:07:50 [INFO] 
🏁 ПАРСИНГ ЗАВЕРШЕН за 141.56 сек.

2026-09-13 16:07:50 [LOOP] ✅ Работа скрапера завершена.
2026-09-13 16:08:50 [LOOP] ▶️ ЗАПУСК #11...
2026-09-13 16:08:50 [INFO] 
★★★★★★★★★★★★★★★★★★★★★★★★★★★★★★★★★★★★★★★★★★★★★★★★★★★★★★★★★★★★
2026-09-13 16:08:50 [INFO] 🚀 ЗАПУСК BENDY SNIPER FEED SCRAPER (Машина Времени Активна)
2026-09-13 16:08:50 [INFO] ★★★★★★★★★★★★★★★★★★★★★★★★★★★★★★★★★★★★★★★★★★★★★★★★★★★★★★★★★★★★

2026-09-13 16:08:50 [INFO] 
============================================================
2026-09-13 16:08:50 [INFO] 🔎 АНАЛИЗ ПРОФИЛЯ: @themeatly
2026-09-13 16:08:50 [INFO] ============================================================
2026-09-13 16:08:50 [INFO]   📌 Сбор актуальной ленты...
2026-09-13 16:09:10 [INFO] 
  🕰️ [МАШИНА ВРЕМЕНИ] Поиск до 2023-03-26...
2026-09-13 16:10:00 [INFO] 
  🕰️ [МАШИНА ВРЕМЕНИ] Поиск до 2023-03-21...
2026-09-13 16:11:15 [INFO]       Пусто. Делаем прыжок на 6 месяцев назад...
2026-09-13 16:11:15 [INFO] 
  🕰️ [МАШИНА ВРЕМЕНИ] Поиск до 2022-09-22...
2026-09-13 16:12:12 [INFO]       Пусто. Делаем прыжок на 6 месяцев назад...
2026-09-13 16:12:15 [INFO]   ✅ ИТОГ (@themeatly): Успешно. Всего постов: 551 (Новых: 17)
2026-09-13 16:12:15 [INFO] 
🏁 ПАРСИНГ ЗАВЕРШЕН за 204.45 сек.

2026-09-13 16:12:15 [LOOP] ✅ Работа скрапера завершена.
2026-09-13 16:13:15 [LOOP] ▶️ ЗАПУСК #12...
2026-09-13 16:13:15 [INFO] 
★★★★★★★★★★★★★★★★★★★★★★★★★★★★★★★★★★★★★★★★★★★★★★★★★★★★★★★★★★★★
2026-09-13 16:13:15 [INFO] 🚀 ЗАПУСК BENDY SNIPER FEED SCRAPER (Машина Времени Активна)
2026-09-13 16:13:15 [INFO] ★★★★★★★★★★★★★★★★★★★★★★★★★★★★★★★★★★★★★★★★★★★★★★★★★★★★★★★★★★★★

2026-09-13 16:13:15 [INFO] 
============================================================
2026-09-13 16:13:15 [INFO] 🔎 АНАЛИЗ ПРОФИЛЯ: @themeatly
2026-09-13 16:13:15 [INFO] ============================================================
2026-09-13 16:13:15 [INFO]   📌 Сбор актуальной ленты...
2026-09-13 16:13:16 [INFO] 
  🕰️ [МАШИНА ВРЕМЕНИ] Поиск до 2023-03-21...
2026-09-13 16:14:19 [INFO]       Пусто. Делаем прыжок на 6 месяцев назад...
2026-09-13 16:14:19 [INFO] 
  🕰️ [МАШИНА ВРЕМЕНИ] Поиск до 2022-09-22...
2026-09-13 16:14:26 [INFO] 
  🕰️ [МАШИНА ВРЕМЕНИ] Поиск до 2021-09-11...
2026-09-13 16:15:34 [INFO]   ✅ ИТОГ (@themeatly): Успешно. Всего постов: 588 (Новых: 37)
2026-09-13 16:15:34 [INFO] 
🏁 ПАРСИНГ ЗАВЕРШЕН за 139.28 сек.

2026-09-13 16:16:34 [LOOP] ▶️ ЗАПУСК #13...
2026-09-13 16:16:34 [INFO] 
★★★★★★★★★★★★★★★★★★★★★★★★★★★★★★★★★★★★★★★★★★★★★★★★★★★★★★★★★★★★
2026-09-13 16:16:34 [INFO] 🚀 ЗАПУСК BENDY SNIPER FEED SCRAPER (Машина Времени Активна)
2026-09-13 16:16:34 [INFO] ★★★★★★★★★★★★★★★★★★★★★★★★★★★★★★★★★★★★★★★★★★★★★★★★★★★★★★★★★★★★

2026-09-13 16:16:34 [INFO] 
============================================================
2026-09-13 16:16:34 [INFO] 🔎 АНАЛИЗ ПРОФИЛЯ: @themeatly
2026-09-13 16:16:34 [INFO] ============================================================
2026-09-13 16:16:34 [INFO]   📌 Сбор актуальной ленты...
2026-09-13 16:17:30 [INFO] 
  🕰️ [МАШИНА ВРЕМЕНИ] Поиск до 2021-07-22...
2026-09-13 16:18:31 [INFO]       Пусто. Делаем прыжок на 6 месяцев назад...
2026-09-13 16:18:31 [INFO] 
  🕰️ [МАШИНА ВРЕМЕНИ] Поиск до 2021-01-23...
2026-09-13 16:19:52 [INFO]       Пусто. Делаем прыжок на 6 месяцев назад...
2026-09-13 16:19:52 [INFO] 
  🕰️ [МАШИНА ВРЕМЕНИ] Поиск до 2020-07-27...
2026-09-13 16:21:15 [INFO]       Пусто. Делаем прыжок на 6 месяцев назад...
2026-09-13 16:21:15 [INFO]   ✅ ИТОГ (@themeatly): Успешно. Всего постов: 588 (Новых: 0)
2026-09-13 16:21:15 [INFO] 
🏁 ПАРСИНГ ЗАВЕРШЕН за 280.99 сек.

2026-09-13 16:21:15 [LOOP] ✅ Работа скрапера завершена.
2026-09-13 16:22:15 [LOOP] ▶️ ЗАПУСК #14...
2026-09-13 16:22:16 [INFO] 
★★★★★★★★★★★★★★★★★★★★★★★★★★★★★★★★★★★★★★★★★★★★★★★★★★★★★★★★★★★★
2026-09-13 16:22:16 [INFO] 🚀 ЗАПУСК BENDY SNIPER FEED SCRAPER (Машина Времени Активна)
2026-09-13 16:22:16 [INFO] ★★★★★★★★★★★★★★★★★★★★★★★★★★★★★★★★★★★★★★★★★★★★★★★★★★★★★★★★★★★★

2026-09-13 16:22:16 [INFO] 
============================================================
2026-09-13 16:22:16 [INFO] 🔎 АНАЛИЗ ПРОФИЛЯ: @themeatly
2026-09-13 16:22:16 [INFO] ============================================================
2026-09-13 16:22:16 [INFO]   📌 Сбор актуальной ленты...
2026-09-13 16:22:58 [INFO] 
  🕰️ [МАШИНА ВРЕМЕНИ] Поиск до 2021-07-22...
2026-09-13 16:23:44 [INFO] 
  🕰️ [МАШИНА ВРЕМЕНИ] Поиск до 2021-06-29...
2026-09-13 16:24:28 [INFO] 
  🕰️ [МАШИНА ВРЕМЕНИ] Поиск до 2021-06-22...
2026-09-13 16:25:22 [INFO]   ✅ ИТОГ (@themeatly): Успешно. Всего постов: 635 (Новых: 47)
2026-09-13 16:25:22 [INFO] 
🏁 ПАРСИНГ ЗАВЕРШЕН за 186.71 сек.

2026-09-13 16:25:22 [LOOP] ✅ Работа скрапера завершена.
2026-09-13 16:26:22 [LOOP] ▶️ ЗАПУСК #15...
2026-09-13 16:26:23 [INFO] 
★★★★★★★★★★★★★★★★★★★★★★★★★★★★★★★★★★★★★★★★★★★★★★★★★★★★★★★★★★★★
2026-09-13 16:26:23 [INFO] 🚀 ЗАПУСК BENDY SNIPER FEED SCRAPER (Машина Времени Активна)
2026-09-13 16:26:23 [INFO] ★★★★★★★★★★★★★★★★★★★★★★★★★★★★★★★★★★★★★★★★★★★★★★★★★★★★★★★★★★★★

2026-09-13 16:26:23 [INFO] 
============================================================
2026-09-13 16:26:23 [INFO] 🔎 АНАЛИЗ ПРОФИЛЯ: @themeatly
2026-09-13 16:26:23 [INFO] ============================================================
2026-09-13 16:26:23 [INFO]   📌 Сбор актуальной ленты...
2026-09-13 16:26:34 [INFO] 
  🕰️ [МАШИНА ВРЕМЕНИ] Поиск до 2021-06-16...
2026-09-13 16:26:41 [INFO] 
  🕰️ [МАШИНА ВРЕМЕНИ] Поиск до 2021-06-15...
2026-09-13 16:26:49 [INFO] 
  🕰️ [МАШИНА ВРЕМЕНИ] Поиск до 2020-12-17...
2026-09-13 16:27:08 [INFO]   ✅ ИТОГ (@themeatly): Успешно. Всего постов: 672 (Новых: 37)
2026-09-13 16:27:08 [INFO] 
🏁 ПАРСИНГ ЗАВЕРШЕН за 45.37 сек.

2026-09-13 16:27:08 [LOOP] ✅ Работа скрапера завершена.
2026-09-13 16:28:08 [LOOP] ▶️ ЗАПУСК #16...
2026-09-13 16:28:08 [INFO] 
★★★★★★★★★★★★★★★★★★★★★★★★★★★★★★★★★★★★★★★★★★★★★★★★★★★★★★★★★★★★
2026-09-13 16:28:08 [INFO] 🚀 ЗАПУСК BENDY SNIPER FEED SCRAPER (Машина Времени Активна)
2026-09-13 16:28:08 [INFO] ★★★★★★★★★★★★★★★★★★★★★★★★★★★★★★★★★★★★★★★★★★★★★★★★★★★★★★★★★★★★

2026-09-13 16:28:08 [INFO] 
============================================================
2026-09-13 16:28:08 [INFO] 🔎 АНАЛИЗ ПРОФИЛЯ: @themeatly
2026-09-13 16:28:08 [INFO] ============================================================
2026-09-13 16:28:08 [INFO]   📌 Сбор актуальной ленты...
2026-09-13 16:28:50 [INFO] 
  🕰️ [МАШИНА ВРЕМЕНИ] Поиск до 2020-12-13...
2026-09-13 16:29:38 [INFO] 
  🕰️ [МАШИНА ВРЕМЕНИ] Поиск до 2020-12-12...
2026-09-13 16:29:45 [INFO] 
  🕰️ [МАШИНА ВРЕМЕНИ] Поиск до 2020-06-15...
2026-09-13 16:30:06 [INFO]   ✅ ИТОГ (@themeatly): Успешно. Всего постов: 703 (Новых: 31)
2026-09-13 16:30:06 [INFO] 
🏁 ПАРСИНГ ЗАВЕРШЕН за 118.13 сек.

2026-09-13 16:30:06 [LOOP] ✅ Работа скрапера завершена.
2026-09-13 16:31:06 [LOOP] ▶️ ЗАПУСК #17...
2026-09-13 16:31:06 [INFO] 
★★★★★★★★★★★★★★★★★★★★★★★★★★★★★★★★★★★★★★★★★★★★★★★★★★★★★★★★★★★★
2026-09-13 16:31:06 [INFO] 🚀 ЗАПУСК BENDY SNIPER FEED SCRAPER (Машина Времени Активна)
2026-09-13 16:31:06 [INFO] ★★★★★★★★★★★★★★★★★★★★★★★★★★★★★★★★★★★★★★★★★★★★★★★★★★★★★★★★★★★★

2026-09-13 16:31:06 [INFO] 
============================================================
2026-09-13 16:31:06 [INFO] 🔎 АНАЛИЗ ПРОФИЛЯ: @themeatly
2026-09-13 16:31:06 [INFO] ============================================================
2026-09-13 16:31:06 [INFO]   📌 Сбор актуальной ленты...
2026-09-13 16:31:08 [INFO] 
  🕰️ [МАШИНА ВРЕМЕНИ] Поиск до 2020-06-13...
2026-09-13 16:31:14 [INFO] 
  🕰️ [МАШИНА ВРЕМЕНИ] Поиск до 2020-06-10...
2026-09-13 16:31:51 [INFO] 
  🕰️ [МАШИНА ВРЕМЕНИ] Поиск до 2020-06-03...
2026-09-13 16:32:21 [INFO]   ✅ ИТОГ (@themeatly): Успешно. Всего постов: 741 (Новых: 38)
2026-09-13 16:32:21 [INFO] 
🏁 ПАРСИНГ ЗАВЕРШЕН за 74.89 сек.

2026-09-13 16:32:21 [LOOP] ✅ Работа скрапера завершена.
2026-09-13 16:33:21 [LOOP] ▶️ ЗАПУСК #18...
2026-09-13 16:33:21 [INFO] 
★★★★★★★★★★★★★★★★★★★★★★★★★★★★★★★★★★★★★★★★★★★★★★★★★★★★★★★★★★★★
2026-09-13 16:33:21 [INFO] 🚀 ЗАПУСК BENDY SNIPER FEED SCRAPER (Машина Времени Активна)
2026-09-13 16:33:21 [INFO] ★★★★★★★★★★★★★★★★★★★★★★★★★★★★★★★★★★★★★★★★★★★★★★★★★★★★★★★★★★★★

2026-09-13 16:33:21 [INFO] 
============================================================
2026-09-13 16:33:21 [INFO] 🔎 АНАЛИЗ ПРОФИЛЯ: @themeatly
2026-09-13 16:33:21 [INFO] ============================================================
2026-09-13 16:33:21 [INFO]   📌 Сбор актуальной ленты...
2026-09-13 16:33:55 [INFO] 
  🕰️ [МАШИНА ВРЕМЕНИ] Поиск до 2020-06-01...
2026-09-13 16:34:53 [INFO] 
  🕰️ [МАШИНА ВРЕМЕНИ] Поиск до 2020-05-27...
2026-09-13 16:35:29 [INFO] 
  🕰️ [МАШИНА ВРЕМЕНИ] Поиск до 2020-05-24...
2026-09-13 16:35:50 [INFO]   ✅ ИТОГ (@themeatly): Успешно. Всего постов: 781 (Новых: 40)
2026-09-13 16:35:50 [INFO] 
🏁 ПАРСИНГ ЗАВЕРШЕН за 149.0 сек.

2026-09-13 16:35:50 [LOOP] ✅ Работа скрапера завершена.
2026-09-13 16:36:51 [LOOP] ▶️ ЗАПУСК #19...
2026-09-13 16:36:51 [INFO] 
★★★★★★★★★★★★★★★★★★★★★★★★★★★★★★★★★★★★★★★★★★★★★★★★★★★★★★★★★★★★
2026-09-13 16:36:51 [INFO] 🚀 ЗАПУСК BENDY SNIPER FEED SCRAPER (Машина Времени Активна)
2026-09-13 16:36:51 [INFO] ★★★★★★★★★★★★★★★★★★★★★★★★★★★★★★★★★★★★★★★★★★★★★★★★★★★★★★★★★★★★

2026-09-13 16:36:51 [INFO] 
============================================================
2026-09-13 16:36:51 [INFO] 🔎 АНАЛИЗ ПРОФИЛЯ: @themeatly
2026-09-13 16:36:51 [INFO] ============================================================
2026-09-13 16:36:51 [INFO]   📌 Сбор актуальной ленты...
2026-09-13 16:37:41 [INFO] 
  🕰️ [МАШИНА ВРЕМЕНИ] Поиск до 2020-05-24...
2026-09-13 16:37:47 [INFO] 
  🕰️ [МАШИНА ВРЕМЕНИ] Поиск до 2019-11-26...
2026-09-13 16:38:43 [INFO] 
  🕰️ [МАШИНА ВРЕМЕНИ] Поиск до 2019-11-03...
2026-09-13 16:39:29 [INFO]   ✅ ИТОГ (@themeatly): Успешно. Всего постов: 816 (Новых: 35)
2026-09-13 16:39:29 [INFO] 
🏁 ПАРСИНГ ЗАВЕРШЕН за 158.01 сек.

2026-09-13 16:39:29 [LOOP] ✅ Работа скрапера завершена.
2026-09-13 16:40:29 [LOOP] ▶️ ЗАПУСК #20...
2026-09-13 16:40:29 [INFO] 
★★★★★★★★★★★★★★★★★★★★★★★★★★★★★★★★★★★★★★★★★★★★★★★★★★★★★★★★★★★★
2026-09-13 16:40:29 [INFO] 🚀 ЗАПУСК BENDY SNIPER FEED SCRAPER (Машина Времени Активна)
2026-09-13 16:40:29 [INFO] ★★★★★★★★★★★★★★★★★★★★★★★★★★★★★★★★★★★★★★★★★★★★★★★★★★★★★★★★★★★★

2026-09-13 16:40:29 [INFO] 
============================================================
2026-09-13 16:40:29 [INFO] 🔎 АНАЛИЗ ПРОФИЛЯ: @themeatly
2026-09-13 16:40:29 [INFO] ============================================================
2026-09-13 16:40:29 [INFO]   📌 Сбор актуальной ленты...
2026-09-13 16:40:38 [INFO] 
  🕰️ [МАШИНА ВРЕМЕНИ] Поиск до 2019-10-13...
2026-09-13 16:41:16 [INFO] 
  🕰️ [МАШИНА ВРЕМЕНИ] Поиск до 2019-10-08...
2026-09-13 16:41:36 [INFO] 
  🕰️ [МАШИНА ВРЕМЕНИ] Поиск до 2019-10-06...
2026-09-13 16:42:25 [INFO]   ✅ ИТОГ (@themeatly): Успешно. Всего постов: 855 (Новых: 39)
2026-09-13 16:42:25 [INFO] 
🏁 ПАРСИНГ ЗАВЕРШЕН за 115.82 сек.

2026-09-13 16:42:25 [LOOP] ✅ Работа скрапера завершена.
2026-09-13 16:43:25 [LOOP] ▶️ ЗАПУСК #21...
2026-09-13 16:43:25 [INFO] 
★★★★★★★★★★★★★★★★★★★★★★★★★★★★★★★★★★★★★★★★★★★★★★★★★★★★★★★★★★★★
2026-09-13 16:43:25 [INFO] 🚀 ЗАПУСК BENDY SNIPER FEED SCRAPER (Машина Времени Активна)
2026-09-13 16:43:25 [INFO] ★★★★★★★★★★★★★★★★★★★★★★★★★★★★★★★★★★★★★★★★★★★★★★★★★★★★★★★★★★★★

2026-09-13 16:43:25 [INFO] 
============================================================
2026-09-13 16:43:25 [INFO] 🔎 АНАЛИЗ ПРОФИЛЯ: @themeatly
2026-09-13 16:43:25 [INFO] ============================================================
2026-09-13 16:43:25 [INFO]   📌 Сбор актуальной ленты...
2026-09-13 16:44:06 [INFO] 
  🕰️ [МАШИНА ВРЕМЕНИ] Поиск до 2019-10-03...
2026-09-13 16:44:24 [INFO] 
  🕰️ [МАШИНА ВРЕМЕНИ] Поиск до 2019-09-28...
2026-09-13 16:45:19 [INFO] 
  🕰️ [МАШИНА ВРЕМЕНИ] Поиск до 2019-09-25...
2026-09-13 16:45:36 [INFO]   ✅ ИТОГ (@themeatly): Успешно. Всего постов: 885 (Новых: 30)
2026-09-13 16:45:36 [INFO] 
🏁 ПАРСИНГ ЗАВЕРШЕН за 130.95 сек.

2026-09-13 16:45:36 [LOOP] ✅ Работа скрапера завершена.
2026-09-13 16:46:36 [LOOP] ▶️ ЗАПУСК #22...
2026-09-13 16:46:36 [INFO] 
★★★★★★★★★★★★★★★★★★★★★★★★★★★★★★★★★★★★★★★★★★★★★★★★★★★★★★★★★★★★
2026-09-13 16:46:36 [INFO] 🚀 ЗАПУСК BENDY SNIPER FEED SCRAPER (Машина Времени Активна)
2026-09-13 16:46:36 [INFO] ★★★★★★★★★★★★★★★★★★★★★★★★★★★★★★★★★★★★★★★★★★★★★★★★★★★★★★★★★★★★

2026-09-13 16:46:36 [INFO] 
============================================================
2026-09-13 16:46:36 [INFO] 🔎 АНАЛИЗ ПРОФИЛЯ: @themeatly
2026-09-13 16:46:36 [INFO] ============================================================
2026-09-13 16:46:36 [INFO]   📌 Сбор актуальной ленты...
2026-09-13 16:46:47 [INFO] 
  🕰️ [МАШИНА ВРЕМЕНИ] Поиск до 2019-09-25...
2026-09-13 16:46:56 [INFO] 
  🕰️ [МАШИНА ВРЕМЕНИ] Поиск до 2019-03-29...
2026-09-13 16:47:18 [INFO] 
  🕰️ [МАШИНА ВРЕМЕНИ] Поиск до 2019-03-22...
2026-09-13 16:47:52 [INFO]   ✅ ИТОГ (@themeatly): Успешно. Всего постов: 918 (Новых: 33)
2026-09-13 16:47:52 [INFO] 
🏁 ПАРСИНГ ЗАВЕРШЕН за 75.71 сек.

2026-09-13 16:47:52 [LOOP] ✅ Работа скрапера завершена.
2026-09-13 16:48:52 [LOOP] ▶️ ЗАПУСК #23...
2026-09-13 16:48:52 [INFO] 
★★★★★★★★★★★★★★★★★★★★★★★★★★★★★★★★★★★★★★★★★★★★★★★★★★★★★★★★★★★★
2026-09-13 16:48:52 [INFO] 🚀 ЗАПУСК BENDY SNIPER FEED SCRAPER (Машина Времени Активна)
2026-09-13 16:48:52 [INFO] ★★★★★★★★★★★★★★★★★★★★★★★★★★★★★★★★★★★★★★★★★★★★★★★★★★★★★★★★★★★★

2026-09-13 16:48:52 [INFO] 
============================================================
2026-09-13 16:48:52 [INFO] 🔎 АНАЛИЗ ПРОФИЛЯ: @themeatly
2026-09-13 16:48:52 [INFO] ============================================================
2026-09-13 16:48:52 [INFO]   📌 Сбор актуальной ленты...
2026-09-13 16:49:03 [INFO] 
  🕰️ [МАШИНА ВРЕМЕНИ] Поиск до 2019-03-19...
2026-09-13 16:49:20 [INFO] 
  🕰️ [МАШИНА ВРЕМЕНИ] Поиск до 2019-03-17...
2026-09-13 16:50:08 [INFO] 
  🕰️ [МАШИНА ВРЕМЕНИ] Поиск до 2019-03-15...
2026-09-13 16:51:15 [INFO]   ✅ ИТОГ (@themeatly): Успешно. Всего постов: 955 (Новых: 37)
2026-09-13 16:51:15 [INFO] 
🏁 ПАРСИНГ ЗАВЕРШЕН за 142.72 сек.

2026-09-13 16:51:15 [LOOP] ✅ Работа скрапера завершена.
2026-09-13 16:52:15 [LOOP] ▶️ ЗАПУСК #24...
2026-09-13 16:52:15 [INFO] 
★★★★★★★★★★★★★★★★★★★★★★★★★★★★★★★★★★★★★★★★★★★★★★★★★★★★★★★★★★★★
2026-09-13 16:52:15 [INFO] 🚀 ЗАПУСК BENDY SNIPER FEED SCRAPER (Машина Времени Активна)
2026-09-13 16:52:15 [INFO] ★★★★★★★★★★★★★★★★★★★★★★★★★★★★★★★★★★★★★★★★★★★★★★★★★★★★★★★★★★★★

2026-09-13 16:52:15 [INFO] 
============================================================
2026-09-13 16:52:15 [INFO] 🔎 АНАЛИЗ ПРОФИЛЯ: @themeatly
2026-09-13 16:52:15 [INFO] ============================================================
2026-09-13 16:52:15 [INFO]   📌 Сбор актуальной ленты...
2026-09-13 16:52:17 [INFO] 
  🕰️ [МАШИНА ВРЕМЕНИ] Поиск до 2019-03-14...
2026-09-13 16:52:24 [INFO] 
  🕰️ [МАШИНА ВРЕМЕНИ] Поиск до 2019-03-11...
2026-09-13 16:52:32 [INFO] 
  🕰️ [МАШИНА ВРЕМЕНИ] Поиск до 2019-03-07...
2026-09-13 16:52:41 [INFO]   ✅ ИТОГ (@themeatly): Успешно. Всего постов: 982 (Новых: 27)
2026-09-13 16:52:41 [INFO] 
🏁 ПАРСИНГ ЗАВЕРШЕН за 26.37 сек.

2026-09-13 16:52:41 [LOOP] ✅ Работа скрапера завершена.
2026-09-13 16:53:41 [LOOP] ▶️ ЗАПУСК #25...
2026-09-13 16:53:42 [INFO] 
★★★★★★★★★★★★★★★★★★★★★★★★★★★★★★★★★★★★★★★★★★★★★★★★★★★★★★★★★★★★
2026-09-13 16:53:42 [INFO] 🚀 ЗАПУСК BENDY SNIPER FEED SCRAPER (Машина Времени Активна)
2026-09-13 16:53:42 [INFO] ★★★★★★★★★★★★★★★★★★★★★★★★★★★★★★★★★★★★★★★★★★★★★★★★★★★★★★★★★★★★

2026-09-13 16:53:42 [INFO] 
============================================================
2026-09-13 16:53:42 [INFO] 🔎 АНАЛИЗ ПРОФИЛЯ: @themeatly
2026-09-13 16:53:42 [INFO] ============================================================
2026-09-13 16:53:42 [INFO]   📌 Сбор актуальной ленты...
2026-09-13 16:53:43 [INFO] 
  🕰️ [МАШИНА ВРЕМЕНИ] Поиск до 2019-03-07...
2026-09-13 16:54:00 [INFO] 
  🕰️ [МАШИНА ВРЕМЕНИ] Поиск до 2018-09-08...
2026-09-13 16:54:59 [INFO] 
  🕰️ [МАШИНА ВРЕМЕНИ] Поиск до 2018-09-06...
2026-09-13 16:56:05 [INFO]   ✅ ИТОГ (@themeatly): Успешно. Всего постов: 1013 (Новых: 31)
2026-09-13 16:56:05 [INFO] 
🏁 ПАРСИНГ ЗАВЕРШЕН за 143.6 сек.

2026-09-13 16:56:05 [LOOP] ✅ Работа скрапера завершена.
2026-09-13 16:57:05 [LOOP] ▶️ ЗАПУСК #26...
2026-09-13 16:57:05 [INFO] 
★★★★★★★★★★★★★★★★★★★★★★★★★★★★★★★★★★★★★★★★★★★★★★★★★★★★★★★★★★★★
2026-09-13 16:57:05 [INFO] 🚀 ЗАПУСК BENDY SNIPER FEED SCRAPER (Машина Времени Активна)
2026-09-13 16:57:05 [INFO] ★★★★★★★★★★★★★★★★★★★★★★★★★★★★★★★★★★★★★★★★★★★★★★★★★★★★★★★★★★★★

2026-09-13 16:57:05 [INFO] 
============================================================
2026-09-13 16:57:05 [INFO] 🔎 АНАЛИЗ ПРОФИЛЯ: @themeatly
2026-09-13 16:57:05 [INFO] ============================================================
2026-09-13 16:57:05 [INFO]   📌 Сбор актуальной ленты...
2026-09-13 16:57:45 [INFO] 
  🕰️ [МАШИНА ВРЕМЕНИ] Поиск до 2018-09-05...
2026-09-13 16:58:26 [INFO] 
  🕰️ [МАШИНА ВРЕМЕНИ] Поиск до 2018-03-09...
2026-09-13 16:59:05 [INFO] 
  🕰️ [МАШИНА ВРЕМЕНИ] Поиск до 2018-03-04...
2026-09-13 16:59:45 [INFO]   ✅ ИТОГ (@themeatly): Успешно. Всего постов: 1055 (Новых: 42)
2026-09-13 16:59:45 [INFO] 
🏁 ПАРСИНГ ЗАВЕРШЕН за 159.65 сек.

2026-09-13 17:00:45 [LOOP] ▶️ ЗАПУСК #27...
2026-09-13 17:00:45 [INFO] 
★★★★★★★★★★★★★★★★★★★★★★★★★★★★★★★★★★★★★★★★★★★★★★★★★★★★★★★★★★★★
2026-09-13 17:00:45 [INFO] 🚀 ЗАПУСК BENDY SNIPER FEED SCRAPER (Машина Времени Активна)
2026-09-13 17:00:45 [INFO] ★★★★★★★★★★★★★★★★★★★★★★★★★★★★★★★★★★★★★★★★★★★★★★★★★★★★★★★★★★★★

2026-09-13 17:00:45 [INFO] 
============================================================
2026-09-13 17:00:45 [INFO] 🔎 АНАЛИЗ ПРОФИЛЯ: @themeatly
2026-09-13 17:00:45 [INFO] ============================================================
2026-09-13 17:00:45 [INFO]   📌 Сбор актуальной ленты...
2026-09-13 17:01:36 [INFO] 
  🕰️ [МАШИНА ВРЕМЕНИ] Поиск до 2018-02-26...
2026-09-13 17:02:30 [INFO] 
  🕰️ [МАШИНА ВРЕМЕНИ] Поиск до 2018-02-23...
2026-09-13 17:03:08 [INFO] 
  🕰️ [МАШИНА ВРЕМЕНИ] Поиск до 2018-02-18...
2026-09-13 17:03:30 [INFO]   ✅ ИТОГ (@themeatly): Успешно. Всего постов: 1097 (Новых: 42)
2026-09-13 17:03:30 [INFO] 
🏁 ПАРСИНГ ЗАВЕРШЕН за 164.37 сек.

2026-09-13 17:03:30 [LOOP] ✅ Работа скрапера завершена.
2026-09-13 17:04:30 [LOOP] ▶️ ЗАПУСК #28...
2026-09-13 17:04:30 [INFO] 
★★★★★★★★★★★★★★★★★★★★★★★★★★★★★★★★★★★★★★★★★★★★★★★★★★★★★★★★★★★★
2026-09-13 17:04:30 [INFO] 🚀 ЗАПУСК BENDY SNIPER FEED SCRAPER (Машина Времени Активна)
2026-09-13 17:04:30 [INFO] ★★★★★★★★★★★★★★★★★★★★★★★★★★★★★★★★★★★★★★★★★★★★★★★★★★★★★★★★★★★★

2026-09-13 17:04:30 [INFO] 
============================================================
2026-09-13 17:04:30 [INFO] 🔎 АНАЛИЗ ПРОФИЛЯ: @themeatly
2026-09-13 17:04:30 [INFO] ============================================================
2026-09-13 17:04:30 [INFO]   📌 Сбор актуальной ленты...
2026-09-13 17:04:31 [INFO] 
  🕰️ [МАШИНА ВРЕМЕНИ] Поиск до 2018-02-13...
2026-09-13 17:04:48 [INFO] 
  🕰️ [МАШИНА ВРЕМЕНИ] Поиск до 2018-02-12...
2026-09-13 17:05:39 [INFO] 
  🕰️ [МАШИНА ВРЕМЕНИ] Поиск до 2017-08-16...
2026-09-13 17:06:27 [INFO]   ✅ ИТОГ (@themeatly): Успешно. Всего постов: 1125 (Новых: 28)
2026-09-13 17:06:27 [INFO] 
🏁 ПАРСИНГ ЗАВЕРШЕН за 117.59 сек.

2026-09-13 17:06:27 [LOOP] ✅ Работа скрапера завершена.
2026-09-13 17:07:27 [LOOP] ▶️ ЗАПУСК #29...
2026-09-13 17:07:28 [INFO] 
★★★★★★★★★★★★★★★★★★★★★★★★★★★★★★★★★★★★★★★★★★★★★★★★★★★★★★★★★★★★
2026-09-13 17:07:28 [INFO] 🚀 ЗАПУСК BENDY SNIPER FEED SCRAPER (Машина Времени Активна)
2026-09-13 17:07:28 [INFO] ★★★★★★★★★★★★★★★★★★★★★★★★★★★★★★★★★★★★★★★★★★★★★★★★★★★★★★★★★★★★

2026-09-13 17:07:28 [INFO] 
============================================================
2026-09-13 17:07:28 [INFO] 🔎 АНАЛИЗ ПРОФИЛЯ: @themeatly
2026-09-13 17:07:28 [INFO] ============================================================
2026-09-13 17:07:28 [INFO]   📌 Сбор актуальной ленты...
2026-09-13 17:07:38 [INFO] 
  🕰️ [МАШИНА ВРЕМЕНИ] Поиск до 2017-08-15...
2026-09-13 17:07:48 [INFO] 
  🕰️ [МАШИНА ВРЕМЕНИ] Поиск до 2017-02-16...
2026-09-13 17:08:08 [INFO] 
  🕰️ [МАШИНА ВРЕМЕНИ] Поиск до 2016-08-20...
2026-09-13 17:08:55 [INFO]   ✅ ИТОГ (@themeatly): Успешно. Всего постов: 1172 (Новых: 47)
2026-09-13 17:08:55 [INFO] 
🏁 ПАРСИНГ ЗАВЕРШЕН за 87.39 сек.

2026-09-13 17:08:55 [LOOP] ✅ Работа скрапера завершена.
2026-09-13 17:09:55 [LOOP] ▶️ ЗАПУСК #30...
2026-09-13 17:09:55 [INFO] 
★★★★★★★★★★★★★★★★★★★★★★★★★★★★★★★★★★★★★★★★★★★★★★★★★★★★★★★★★★★★
2026-09-13 17:09:55 [INFO] 🚀 ЗАПУСК BENDY SNIPER FEED SCRAPER (Машина Времени Активна)
2026-09-13 17:09:55 [INFO] ★★★★★★★★★★★★★★★★★★★★★★★★★★★★★★★★★★★★★★★★★★★★★★★★★★★★★★★★★★★★

2026-09-13 17:09:55 [INFO] 
============================================================
2026-09-13 17:09:55 [INFO] 🔎 АНАЛИЗ ПРОФИЛЯ: @themeatly
2026-09-13 17:09:55 [INFO] ============================================================
2026-09-13 17:09:55 [INFO]   📌 Сбор актуальной ленты...
2026-09-13 17:09:57 [INFO] 
  🕰️ [МАШИНА ВРЕМЕНИ] Поиск до 2016-08-21...
2026-09-13 17:10:54 [INFO] 
  🕰️ [МАШИНА ВРЕМЕНИ] Поиск до 2016-02-23...
2026-09-13 17:11:12 [INFO] 
  🕰️ [МАШИНА ВРЕМЕНИ] Поиск до 2015-08-27...
2026-09-13 17:11:24 [INFO]   ✅ ИТОГ (@themeatly): Успешно. Всего постов: 1214 (Новых: 42)
2026-09-13 17:11:24 [INFO] 
🏁 ПАРСИНГ ЗАВЕРШЕН за 88.49 сек.

2026-09-13 17:11:24 [LOOP] ✅ Работа скрапера завершена.
2026-09-13 17:12:24 [LOOP] ▶️ ЗАПУСК #31...
2026-09-13 17:12:24 [INFO] 
★★★★★★★★★★★★★★★★★★★★★★★★★★★★★★★★★★★★★★★★★★★★★★★★★★★★★★★★★★★★
2026-09-13 17:12:24 [INFO] 🚀 ЗАПУСК BENDY SNIPER FEED SCRAPER (Машина Времени Активна)
2026-09-13 17:12:24 [INFO] ★★★★★★★★★★★★★★★★★★★★★★★★★★★★★★★★★★★★★★★★★★★★★★★★★★★★★★★★★★★★

2026-09-13 17:12:24 [INFO] 
============================================================
2026-09-13 17:12:24 [INFO] 🔎 АНАЛИЗ ПРОФИЛЯ: @themeatly
2026-09-13 17:12:24 [INFO] ============================================================
2026-09-13 17:12:24 [INFO]   📌 Сбор актуальной ленты...
2026-09-13 17:13:01 [INFO] 
  🕰️ [МАШИНА ВРЕМЕНИ] Поиск до 2015-08-29...
2026-09-13 17:14:03 [INFO] 
  🕰️ [МАШИНА ВРЕМЕНИ] Поиск до 2015-03-02...
2026-09-13 17:14:11 [INFO] 
  🕰️ [МАШИНА ВРЕМЕНИ] Поиск до 2015-03-01...
2026-09-13 17:14:18 [INFO]   ✅ ИТОГ (@themeatly): Успешно. Всего постов: 1255 (Новых: 41)
2026-09-13 17:14:18 [INFO] 
🏁 ПАРСИНГ ЗАВЕРШЕН за 114.36 сек.

2026-09-13 17:14:18 [LOOP] ✅ Работа скрапера завершена.
2026-09-13 17:15:19 [LOOP] ▶️ ЗАПУСК #32...
2026-09-13 17:15:19 [INFO] 
★★★★★★★★★★★★★★★★★★★★★★★★★★★★★★★★★★★★★★★★★★★★★★★★★★★★★★★★★★★★
2026-09-13 17:15:19 [INFO] 🚀 ЗАПУСК BENDY SNIPER FEED SCRAPER (Машина Времени Активна)
2026-09-13 17:15:19 [INFO] ★★★★★★★★★★★★★★★★★★★★★★★★★★★★★★★★★★★★★★★★★★★★★★★★★★★★★★★★★★★★

2026-09-13 17:15:19 [INFO] 
============================================================
2026-09-13 17:15:19 [INFO] 🔎 АНАЛИЗ ПРОФИЛЯ: @themeatly
2026-09-13 17:15:19 [INFO] ============================================================
2026-09-13 17:15:19 [INFO]   📌 Сбор актуальной ленты...
2026-09-13 17:15:40 [INFO] 
  🕰️ [МАШИНА ВРЕМЕНИ] Поиск до 2015-03-01...
2026-09-13 17:15:47 [INFO] 
  🕰️ [МАШИНА ВРЕМЕНИ] Поиск до 2014-09-02...
2026-09-13 17:15:55 [INFO] 
  🕰️ [МАШИНА ВРЕМЕНИ] Поиск до 2014-03-06...
2026-09-13 17:16:50 [INFO]       Пусто. Делаем прыжок на 6 месяцев назад...
2026-09-13 17:16:51 [INFO]   ✅ ИТОГ (@themeatly): Успешно. Всего постов: 1275 (Новых: 20)
2026-09-13 17:16:51 [INFO] 
🏁 ПАРСИНГ ЗАВЕРШЕН за 92.26 сек.

2026-09-13 17:16:51 [LOOP] ✅ Работа скрапера завершена.
2026-09-13 17:17:51 [LOOP] ▶️ ЗАПУСК #33...
2026-09-13 17:17:51 [INFO] 
★★★★★★★★★★★★★★★★★★★★★★★★★★★★★★★★★★★★★★★★★★★★★★★★★★★★★★★★★★★★
2026-09-13 17:17:51 [INFO] 🚀 ЗАПУСК BENDY SNIPER FEED SCRAPER (Машина Времени Активна)
2026-09-13 17:17:51 [INFO] ★★★★★★★★★★★★★★★★★★★★★★★★★★★★★★★★★★★★★★★★★★★★★★★★★★★★★★★★★★★★

2026-09-13 17:17:51 [INFO] 
============================================================
2026-09-13 17:17:51 [INFO] 🔎 АНАЛИЗ ПРОФИЛЯ: @themeatly
2026-09-13 17:17:51 [INFO] ============================================================
2026-09-13 17:17:51 [INFO]   📌 Сбор актуальной ленты...
2026-09-13 17:18:40 [INFO] 
  🕰️ [МАШИНА ВРЕМЕНИ] Поиск до 2014-09-03...
2026-09-13 17:18:47 [INFO] 
  🕰️ [МАШИНА ВРЕМЕНИ] Поиск до 2014-03-07...
2026-09-13 17:19:27 [INFO]       Пусто. Делаем прыжок на 6 месяцев назад...
2026-09-13 17:19:27 [INFO]   ✅ ИТОГ (@themeatly): Успешно. Всего постов: 1295 (Новых: 20)
2026-09-13 17:19:27 [INFO] 
🏁 ПАРСИНГ ЗАВЕРШЕН за 95.76 сек.

2026-09-13 17:20:27 [LOOP] ▶️ ЗАПУСК #34...
2026-09-13 17:20:27 [INFO] 
★★★★★★★★★★★★★★★★★★★★★★★★★★★★★★★★★★★★★★★★★★★★★★★★★★★★★★★★★★★★
2026-09-13 17:20:27 [INFO] 🚀 ЗАПУСК BENDY SNIPER FEED SCRAPER (Машина Времени Активна)
2026-09-13 17:20:27 [INFO] ★★★★★★★★★★★★★★★★★★★★★★★★★★★★★★★★★★★★★★★★★★★★★★★★★★★★★★★★★★★★

2026-09-13 17:20:27 [INFO] 
============================================================
2026-09-13 17:20:27 [INFO] 🔎 АНАЛИЗ ПРОФИЛЯ: @themeatly
2026-09-13 17:20:27 [INFO] ============================================================
2026-09-13 17:20:27 [INFO]   📌 Сбор актуальной ленты...
2026-09-13 17:22:00 [INFO] 
  🕰️ [МАШИНА ВРЕМЕНИ] Поиск до 2014-09-03...
2026-09-13 17:23:25 [INFO]       Пусто. Делаем прыжок на 6 месяцев назад...
2026-09-13 17:23:25 [INFO] 
  🕰️ [МАШИНА ВРЕМЕНИ] Поиск до 2014-03-07...
2026-09-13 17:24:41 [INFO]       Пусто. Делаем прыжок на 6 месяцев назад...
2026-09-13 17:24:41 [INFO]   ✅ ИТОГ (@themeatly): Успешно. Всего постов: 1295 (Новых: 0)
2026-09-13 17:24:41 [INFO] 
🏁 ПАРСИНГ ЗАВЕРШЕН за 253.89 сек.

2026-09-13 17:24:41 [LOOP] ✅ Работа скрапера завершена.
2026-09-13 17:25:41 [LOOP] ▶️ ЗАПУСК #35...
2026-09-13 17:25:41 [INFO] 
★★★★★★★★★★★★★★★★★★★★★★★★★★★★★★★★★★★★★★★★★★★★★★★★★★★★★★★★★★★★
2026-09-13 17:25:41 [INFO] 🚀 ЗАПУСК BENDY SNIPER FEED SCRAPER (Машина Времени Активна)
2026-09-13 17:25:41 [INFO] ★★★★★★★★★★★★★★★★★★★★★★★★★★★★★★★★★★★★★★★★★★★★★★★★★★★★★★★★★★★★

2026-09-13 17:25:41 [INFO] 
============================================================
2026-09-13 17:25:41 [INFO] 🔎 АНАЛИЗ ПРОФИЛЯ: @themeatly
2026-09-13 17:25:41 [INFO] ============================================================
2026-09-13 17:25:41 [INFO]   📌 Сбор актуальной ленты...
2026-09-13 17:25:53 [INFO] 
  🕰️ [МАШИНА ВРЕМЕНИ] Поиск до 2014-09-03...
2026-09-13 17:26:44 [INFO] 
  🕰️ [МАШИНА ВРЕМЕНИ] Поиск до 2014-03-07...
2026-09-13 17:27:35 [INFO]       Пусто. Делаем прыжок на 6 месяцев назад...
2026-09-13 17:27:35 [INFO]   ✅ ИТОГ (@themeatly): Успешно. Всего постов: 1295 (Новых: 0)
2026-09-13 17:27:35 [INFO] 
🏁 ПАРСИНГ ЗАВЕРШЕН за 113.35 сек.

2026-09-13 17:27:35 [LOOP] ✅ Работа скрапера завершена.
2026-09-13 17:28:35 [LOOP] ▶️ ЗАПУСК #36...
2026-09-13 17:28:35 [INFO] 
★★★★★★★★★★★★★★★★★★★★★★★★★★★★★★★★★★★★★★★★★★★★★★★★★★★★★★★★★★★★
2026-09-13 17:28:35 [INFO] 🚀 ЗАПУСК BENDY SNIPER FEED SCRAPER (Машина Времени Активна)
2026-09-13 17:28:35 [INFO] ★★★★★★★★★★★★★★★★★★★★★★★★★★★★★★★★★★★★★★★★★★★★★★★★★★★★★★★★★★★★

2026-09-13 17:28:35 [INFO] 
============================================================
2026-09-13 17:28:35 [INFO] 🔎 АНАЛИЗ ПРОФИЛЯ: @themeatly
2026-09-13 17:28:35 [INFO] ============================================================
2026-09-13 17:28:35 [INFO]   📌 Сбор актуальной ленты...
2026-09-13 17:28:44 [INFO] 
  🕰️ [МАШИНА ВРЕМЕНИ] Поиск до 2014-09-03...
2026-09-13 17:29:01 [INFO] 
  🕰️ [МАШИНА ВРЕМЕНИ] Поиск до 2014-03-07...
2026-09-13 17:29:58 [INFO]       Пусто. Делаем прыжок на 6 месяцев назад...
2026-09-13 17:29:58 [INFO]   ✅ ИТОГ (@themeatly): Успешно. Всего постов: 1309 (Новых: 14)
2026-09-13 17:29:58 [INFO] 
🏁 ПАРСИНГ ЗАВЕРШЕН за 82.63 сек.

2026-09-13 17:29:58 [LOOP] ✅ Работа скрапера завершена.
2026-09-13 17:30:58 [LOOP] ▶️ ЗАПУСК #37...
2026-09-13 17:30:58 [INFO] 
★★★★★★★★★★★★★★★★★★★★★★★★★★★★★★★★★★★★★★★★★★★★★★★★★★★★★★★★★★★★
2026-09-13 17:30:58 [INFO] 🚀 ЗАПУСК BENDY SNIPER FEED SCRAPER (Машина Времени Активна)
2026-09-13 17:30:58 [INFO] ★★★★★★★★★★★★★★★★★★★★★★★★★★★★★★★★★★★★★★★★★★★★★★★★★★★★★★★★★★★★

2026-09-13 17:30:58 [INFO] 
============================================================
2026-09-13 17:30:58 [INFO] 🔎 АНАЛИЗ ПРОФИЛЯ: @themeatly
2026-09-13 17:30:58 [INFO] ============================================================
2026-09-13 17:30:58 [INFO]   📌 Сбор актуальной ленты...
2026-09-13 17:30:59 [INFO] 
  🕰️ [МАШИНА ВРЕМЕНИ] Поиск до 2014-09-03...
2026-09-13 17:31:04 [INFO] 
  🕰️ [МАШИНА ВРЕМЕНИ] Поиск до 2014-03-07...
2026-09-13 17:31:55 [INFO]       Пусто. Делаем прыжок на 6 месяцев назад...
2026-09-13 17:31:55 [INFO]   ✅ ИТОГ (@themeatly): Успешно. Всего постов: 1309 (Новых: 0)
2026-09-13 17:31:55 [INFO] 
🏁 ПАРСИНГ ЗАВЕРШЕН за 57.18 сек.

2026-09-13 17:31:55 [LOOP] ✅ Работа скрапера завершена.
2026-09-13 17:32:55 [LOOP] ▶️ ЗАПУСК #38...
2026-09-13 17:32:55 [INFO] 
★★★★★★★★★★★★★★★★★★★★★★★★★★★★★★★★★★★★★★★★★★★★★★★★★★★★★★★★★★★★
2026-09-13 17:32:55 [INFO] 🚀 ЗАПУСК BENDY SNIPER FEED SCRAPER (Машина Времени Активна)
2026-09-13 17:32:55 [INFO] ★★★★★★★★★★★★★★★★★★★★★★★★★★★★★★★★★★★★★★★★★★★★★★★★★★★★★★★★★★★★

2026-09-13 17:32:55 [INFO] 
============================================================
2026-09-13 17:32:55 [INFO] 🔎 АНАЛИЗ ПРОФИЛЯ: @themeatly
2026-09-13 17:32:55 [INFO] ============================================================
2026-09-13 17:32:55 [INFO]   📌 Сбор актуальной ленты...
2026-09-13 17:33:27 [INFO] 
  🕰️ [МАШИНА ВРЕМЕНИ] Поиск до 2014-09-03...
2026-09-13 17:34:26 [INFO] 
  🕰️ [МАШИНА ВРЕМЕНИ] Поиск до 2014-03-07...
2026-09-13 17:35:03 [INFO]       Пусто. Делаем прыжок на 6 месяцев назад...
2026-09-13 17:35:03 [INFO]   ✅ ИТОГ (@themeatly): Успешно. Всего постов: 1309 (Новых: 0)
2026-09-13 17:35:03 [INFO] 
🏁 ПАРСИНГ ЗАВЕРШЕН за 127.98 сек.

2026-09-13 17:35:03 [LOOP] ✅ Работа скрапера завершена.
2026-09-13 17:36:03 [LOOP] ▶️ ЗАПУСК #39...
2026-09-13 17:36:03 [INFO] 
★★★★★★★★★★★★★★★★★★★★★★★★★★★★★★★★★★★★★★★★★★★★★★★★★★★★★★★★★★★★
2026-09-13 17:36:03 [INFO] 🚀 ЗАПУСК BENDY SNIPER FEED SCRAPER (Машина Времени Активна)
2026-09-13 17:36:03 [INFO] ★★★★★★★★★★★★★★★★★★★★★★★★★★★★★★★★★★★★★★★★★★★★★★★★★★★★★★★★★★★★

2026-09-13 17:36:03 [INFO] 
============================================================
2026-09-13 17:36:03 [INFO] 🔎 АНАЛИЗ ПРОФИЛЯ: @themeatly
2026-09-13 17:36:03 [INFO] ============================================================
2026-09-13 17:36:03 [INFO]   📌 Сбор актуальной ленты...
2026-09-13 17:36:05 [INFO] 
  🕰️ [МАШИНА ВРЕМЕНИ] Поиск до 2014-09-03...
2026-09-13 17:36:50 [INFO] 
  🕰️ [МАШИНА ВРЕМЕНИ] Поиск до 2014-03-07...
2026-09-13 17:37:41 [INFO]       Пусто. Делаем прыжок на 6 месяцев назад...
2026-09-13 17:37:41 [INFO]   ✅ ИТОГ (@themeatly): Успешно. Всего постов: 1309 (Новых: 0)
2026-09-13 17:37:41 [INFO] 
🏁 ПАРСИНГ ЗАВЕРШЕН за 97.42 сек.

2026-09-13 17:37:41 [LOOP] ✅ Работа скрапера завершена.
2026-09-13 17:38:41 [LOOP] ▶️ ЗАПУСК #40...
2026-09-13 17:38:41 [INFO] 
★★★★★★★★★★★★★★★★★★★★★★★★★★★★★★★★★★★★★★★★★★★★★★★★★★★★★★★★★★★★
2026-09-13 17:38:41 [INFO] 🚀 ЗАПУСК BENDY SNIPER FEED SCRAPER (Машина Времени Активна)
2026-09-13 17:38:41 [INFO] ★★★★★★★★★★★★★★★★★★★★★★★★★★★★★★★★★★★★★★★★★★★★★★★★★★★★★★★★★★★★

2026-09-13 17:38:41 [INFO] 
============================================================
2026-09-13 17:38:41 [INFO] 🔎 АНАЛИЗ ПРОФИЛЯ: @themeatly
2026-09-13 17:38:41 [INFO] ============================================================
2026-09-13 17:38:41 [INFO]   📌 Сбор актуальной ленты...
2026-09-13 17:39:03 [INFO] 
  🕰️ [МАШИНА ВРЕМЕНИ] Поиск до 2014-09-03...
2026-09-13 17:39:29 [INFO] 
  🕰️ [МАШИНА ВРЕМЕНИ] Поиск до 2014-03-07...
2026-09-13 17:40:21 [INFO]       Пусто. Делаем прыжок на 6 месяцев назад...
2026-09-13 17:40:21 [INFO]   ✅ ИТОГ (@themeatly): Успешно. Всего постов: 1309 (Новых: 0)
2026-09-13 17:40:21 [INFO] 
🏁 ПАРСИНГ ЗАВЕРШЕН за 100.3 сек.

2026-09-13 17:40:21 [LOOP] ✅ Работа скрапера завершена.
2026-09-13 17:41:21 [LOOP] ▶️ ЗАПУСК #41...
2026-09-13 17:41:22 [INFO] 
★★★★★★★★★★★★★★★★★★★★★★★★★★★★★★★★★★★★★★★★★★★★★★★★★★★★★★★★★★★★
2026-09-13 17:41:22 [INFO] 🚀 ЗАПУСК BENDY SNIPER FEED SCRAPER (Машина Времени Активна)
2026-09-13 17:41:22 [INFO] ★★★★★★★★★★★★★★★★★★★★★★★★★★★★★★★★★★★★★★★★★★★★★★★★★★★★★★★★★★★★

2026-09-13 17:41:22 [INFO] 
============================================================
2026-09-13 17:41:22 [INFO] 🔎 АНАЛИЗ ПРОФИЛЯ: @themeatly
2026-09-13 17:41:22 [INFO] ============================================================
2026-09-13 17:41:22 [INFO]   📌 Сбор актуальной ленты...
2026-09-13 17:41:33 [INFO] 
  🕰️ [МАШИНА ВРЕМЕНИ] Поиск до 2014-09-03...
2026-09-13 17:41:49 [INFO] 
  🕰️ [МАШИНА ВРЕМЕНИ] Поиск до 2014-03-07...
2026-09-13 17:42:41 [INFO]       Пусто. Делаем прыжок на 6 месяцев назад...
2026-09-13 17:42:41 [INFO]   ✅ ИТОГ (@themeatly): Успешно. Всего постов: 1309 (Новых: 0)
2026-09-13 17:42:41 [INFO] 
🏁 ПАРСИНГ ЗАВЕРШЕН за 79.21 сек.

2026-09-13 17:42:52 [LOOP] 🛑 Бесконечный цикл остановлен пользователем. До связи!
2026-09-13 17:47:26 [LOOP] ★★★★★★★★★★★★★★★★★★★★★★★★★★★★★★★★★★★★★★★★★★★★★★★★★★
2026-09-13 17:47:26 [LOOP] 🤖 BENDY AUTOPILOT (Бесконечный запуск парсера)
2026-09-13 17:47:26 [LOOP] 🎯 СФОКУСИРОВАННАЯ ЦЕЛЬ: @Doberart
2026-09-13 17:47:26 [LOOP] Нажми Ctrl+C в любой момент, чтобы остановить.
2026-09-13 17:47:26 [LOOP] ★★★★★★★★★★★★★★★★★★★★★★★★★★★★★★★★★★★★★★★★★★★★★★★★★★
2026-09-13 17:47:26 [LOOP] ▶️ ЗАПУСК #1...
2026-09-13 17:47:27 [INFO] 
★★★★★★★★★★★★★★★★★★★★★★★★★★★★★★★★★★★★★★★★★★★★★★★★★★★★★★★★★★★★
2026-09-13 17:47:27 [INFO] 🚀 ЗАПУСК BENDY SNIPER FEED SCRAPER (Машина Времени Активна)
2026-09-13 17:47:27 [INFO] ★★★★★★★★★★★★★★★★★★★★★★★★★★★★★★★★★★★★★★★★★★★★★★★★★★★★★★★★★★★★

2026-09-13 17:47:27 [INFO] 
============================================================
2026-09-13 17:47:27 [INFO] 🔎 АНАЛИЗ ПРОФИЛЯ: @Doberart
2026-09-13 17:47:27 [INFO] ============================================================
2026-09-13 17:47:27 [INFO]   📌 Сбор актуальной ленты...
2026-09-13 17:48:05 [INFO] 
  🕰️ [МАШИНА ВРЕМЕНИ] Поиск до 2026-07-16...
2026-09-13 17:48:29 [INFO] 
  🕰️ [МАШИНА ВРЕМЕНИ] Поиск до 2026-07-08...
2026-09-13 17:49:15 [INFO] 
  🕰️ [МАШИНА ВРЕМЕНИ] Поиск до 2026-06-29...
2026-09-13 17:50:17 [INFO]   ✅ ИТОГ (@Doberart): Успешно. Всего постов: 128 (Новых: 48)
2026-09-13 17:50:17 [INFO] 
🏁 ПАРСИНГ ЗАВЕРШЕН за 170.05 сек.

2026-09-13 17:50:17 [LOOP] ✅ Работа скрапера завершена.
2026-09-13 17:51:17 [LOOP] ▶️ ЗАПУСК #2...
2026-09-13 17:51:17 [INFO] 
★★★★★★★★★★★★★★★★★★★★★★★★★★★★★★★★★★★★★★★★★★★★★★★★★★★★★★★★★★★★
2026-09-13 17:51:17 [INFO] 🚀 ЗАПУСК BENDY SNIPER FEED SCRAPER (Машина Времени Активна)
2026-09-13 17:51:17 [INFO] ★★★★★★★★★★★★★★★★★★★★★★★★★★★★★★★★★★★★★★★★★★★★★★★★★★★★★★★★★★★★

2026-09-13 17:51:17 [INFO] 
============================================================
2026-09-13 17:51:17 [INFO] 🔎 АНАЛИЗ ПРОФИЛЯ: @Doberart
2026-09-13 17:51:17 [INFO] ============================================================
2026-09-13 17:51:17 [INFO]   📌 Сбор актуальной ленты...
2026-09-13 17:52:13 [INFO] 
  🕰️ [МАШИНА ВРЕМЕНИ] Поиск до 2026-06-19...
2026-09-13 17:52:58 [INFO] 
  🕰️ [МАШИНА ВРЕМЕНИ] Поиск до 2026-06-06...
2026-09-13 17:53:06 [INFO] 
  🕰️ [МАШИНА ВРЕМЕНИ] Поиск до 2026-05-16...
2026-09-13 17:54:12 [INFO]       Пусто. Делаем прыжок на 6 месяцев назад...
2026-09-13 17:54:19 [INFO]   ✅ ИТОГ (@Doberart): Успешно. Всего постов: 156 (Новых: 28)
2026-09-13 17:54:19 [INFO] 
🏁 ПАРСИНГ ЗАВЕРШЕН за 182.41 сек.

2026-09-13 17:54:19 [LOOP] ✅ Работа скрапера завершена.
2026-09-13 17:55:19 [LOOP] ▶️ ЗАПУСК #3...
2026-09-13 17:55:19 [INFO] 
★★★★★★★★★★★★★★★★★★★★★★★★★★★★★★★★★★★★★★★★★★★★★★★★★★★★★★★★★★★★
2026-09-13 17:55:19 [INFO] 🚀 ЗАПУСК BENDY SNIPER FEED SCRAPER (Машина Времени Активна)
2026-09-13 17:55:19 [INFO] ★★★★★★★★★★★★★★★★★★★★★★★★★★★★★★★★★★★★★★★★★★★★★★★★★★★★★★★★★★★★

2026-09-13 17:55:19 [INFO] 
============================================================
2026-09-13 17:55:19 [INFO] 🔎 АНАЛИЗ ПРОФИЛЯ: @Doberart
2026-09-13 17:55:19 [INFO] ============================================================
2026-09-13 17:55:19 [INFO]   📌 Сбор актуальной ленты...
2026-09-13 17:55:21 [INFO] 
  🕰️ [МАШИНА ВРЕМЕНИ] Поиск до 2026-05-16...
2026-09-13 17:56:05 [INFO] 
  🕰️ [МАШИНА ВРЕМЕНИ] Поиск до 2026-04-28...
2026-09-13 17:56:55 [INFO] 
  🕰️ [МАШИНА ВРЕМЕНИ] Поиск до 2026-04-04...
2026-09-13 17:57:58 [INFO]   ✅ ИТОГ (@Doberart): Успешно. Всего постов: 213 (Новых: 57)
2026-09-13 17:57:58 [INFO] 
🏁 ПАРСИНГ ЗАВЕРШЕН за 158.65 сек.

2026-09-13 17:57:58 [LOOP] ✅ Работа скрапера завершена.
2026-09-13 17:58:58 [LOOP] ▶️ ЗАПУСК #4...
2026-09-13 17:58:58 [INFO] 
★★★★★★★★★★★★★★★★★★★★★★★★★★★★★★★★★★★★★★★★★★★★★★★★★★★★★★★★★★★★
2026-09-13 17:58:58 [INFO] 🚀 ЗАПУСК BENDY SNIPER FEED SCRAPER (Машина Времени Активна)
2026-09-13 17:58:58 [INFO] ★★★★★★★★★★★★★★★★★★★★★★★★★★★★★★★★★★★★★★★★★★★★★★★★★★★★★★★★★★★★

2026-09-13 17:58:58 [INFO] 
============================================================
2026-09-13 17:58:58 [INFO] 🔎 АНАЛИЗ ПРОФИЛЯ: @Doberart
2026-09-13 17:58:58 [INFO] ============================================================
2026-09-13 17:58:58 [INFO]   📌 Сбор актуальной ленты...
2026-09-13 17:59:31 [INFO] 
  🕰️ [МАШИНА ВРЕМЕНИ] Поиск до 2026-03-23...
2026-09-13 18:00:00 [INFO] 
  🕰️ [МАШИНА ВРЕМЕНИ] Поиск до 2026-03-21...
2026-09-13 18:01:01 [INFO] 
  🕰️ [МАШИНА ВРЕМЕНИ] Поиск до 2025-09-22...
2026-09-13 18:01:56 [INFO]   ✅ ИТОГ (@Doberart): Успешно. Всего постов: 253 (Новых: 40)
2026-09-13 18:01:56 [INFO] 
🏁 ПАРСИНГ ЗАВЕРШЕН за 178.02 сек.

2026-09-13 18:02:56 [LOOP] ▶️ ЗАПУСК #5...
2026-09-13 18:02:57 [INFO] 
★★★★★★★★★★★★★★★★★★★★★★★★★★★★★★★★★★★★★★★★★★★★★★★★★★★★★★★★★★★★
2026-09-13 18:02:57 [INFO] 🚀 ЗАПУСК BENDY SNIPER FEED SCRAPER (Машина Времени Активна)
2026-09-13 18:02:57 [INFO] ★★★★★★★★★★★★★★★★★★★★★★★★★★★★★★★★★★★★★★★★★★★★★★★★★★★★★★★★★★★★

2026-09-13 18:02:57 [INFO] 
============================================================
2026-09-13 18:02:57 [INFO] 🔎 АНАЛИЗ ПРОФИЛЯ: @Doberart
2026-09-13 18:02:57 [INFO] ============================================================
2026-09-13 18:02:57 [INFO]   📌 Сбор актуальной ленты...
2026-09-13 18:03:11 [INFO] 
  🕰️ [МАШИНА ВРЕМЕНИ] Поиск до 2025-09-11...
2026-09-13 18:03:36 [INFO] 
  🕰️ [МАШИНА ВРЕМЕНИ] Поиск до 2025-08-30...
2026-09-13 18:04:25 [INFO] 
  🕰️ [МАШИНА ВРЕМЕНИ] Поиск до 2025-08-17...
2026-09-13 18:05:01 [INFO]   ✅ ИТОГ (@Doberart): Успешно. Всего постов: 309 (Новых: 56)
2026-09-13 18:05:01 [INFO] 
🏁 ПАРСИНГ ЗАВЕРШЕН за 124.42 сек.

2026-09-13 18:05:01 [LOOP] ✅ Работа скрапера завершена.
2026-09-13 18:06:01 [LOOP] ▶️ ЗАПУСК #6...
2026-09-13 18:06:01 [INFO] 
★★★★★★★★★★★★★★★★★★★★★★★★★★★★★★★★★★★★★★★★★★★★★★★★★★★★★★★★★★★★
2026-09-13 18:06:01 [INFO] 🚀 ЗАПУСК BENDY SNIPER FEED SCRAPER (Машина Времени Активна)
2026-09-13 18:06:01 [INFO] ★★★★★★★★★★★★★★★★★★★★★★★★★★★★★★★★★★★★★★★★★★★★★★★★★★★★★★★★★★★★

2026-09-13 18:06:01 [INFO] 
============================================================
2026-09-13 18:06:01 [INFO] 🔎 АНАЛИЗ ПРОФИЛЯ: @Doberart
2026-09-13 18:06:01 [INFO] ============================================================
2026-09-13 18:06:01 [INFO]   📌 Сбор актуальной ленты...
2026-09-13 18:06:18 [INFO] 
  🕰️ [МАШИНА ВРЕМЕНИ] Поиск до 2025-08-05...
2026-09-13 18:07:17 [INFO] 
  🕰️ [МАШИНА ВРЕМЕНИ] Поиск до 2025-07-14...
2026-09-13 18:07:58 [INFO] 
  🕰️ [МАШИНА ВРЕМЕНИ] Поиск до 2025-06-29...
2026-09-13 18:09:14 [INFO]   ✅ ИТОГ (@Doberart): Успешно. Всего постов: 357 (Новых: 48)
2026-09-13 18:09:14 [INFO] 
🏁 ПАРСИНГ ЗАВЕРШЕН за 192.57 сек.

2026-09-13 18:10:14 [LOOP] ▶️ ЗАПУСК #7...
2026-09-13 18:10:14 [INFO] 
★★★★★★★★★★★★★★★★★★★★★★★★★★★★★★★★★★★★★★★★★★★★★★★★★★★★★★★★★★★★
2026-09-13 18:10:14 [INFO] 🚀 ЗАПУСК BENDY SNIPER FEED SCRAPER (Машина Времени Активна)
2026-09-13 18:10:14 [INFO] ★★★★★★★★★★★★★★★★★★★★★★★★★★★★★★★★★★★★★★★★★★★★★★★★★★★★★★★★★★★★

2026-09-13 18:10:14 [INFO] 
============================================================
2026-09-13 18:10:14 [INFO] 🔎 АНАЛИЗ ПРОФИЛЯ: @Doberart
2026-09-13 18:10:14 [INFO] ============================================================
2026-09-13 18:10:14 [INFO]   📌 Сбор актуальной ленты...
2026-09-13 18:10:55 [INFO] 
  🕰️ [МАШИНА ВРЕМЕНИ] Поиск до 2025-04-20...
2026-09-13 18:11:14 [INFO] 
  🕰️ [МАШИНА ВРЕМЕНИ] Поиск до 2025-04-05...
2026-09-13 18:11:32 [INFO] 
  🕰️ [МАШИНА ВРЕМЕНИ] Поиск до 2025-01-18...
2026-09-13 18:12:44 [INFO]   ✅ ИТОГ (@Doberart): Успешно. Всего постов: 414 (Новых: 57)
2026-09-13 18:12:44 [INFO] 
🏁 ПАРСИНГ ЗАВЕРШЕН за 150.31 сек.

2026-09-13 18:12:44 [LOOP] ✅ Работа скрапера завершена.
2026-09-13 18:13:44 [LOOP] ▶️ ЗАПУСК #8...
2026-09-13 18:13:44 [INFO] 
★★★★★★★★★★★★★★★★★★★★★★★★★★★★★★★★★★★★★★★★★★★★★★★★★★★★★★★★★★★★
2026-09-13 18:13:44 [INFO] 🚀 ЗАПУСК BENDY SNIPER FEED SCRAPER (Машина Времени Активна)
2026-09-13 18:13:44 [INFO] ★★★★★★★★★★★★★★★★★★★★★★★★★★★★★★★★★★★★★★★★★★★★★★★★★★★★★★★★★★★★

2026-09-13 18:13:44 [INFO] 
============================================================
2026-09-13 18:13:44 [INFO] 🔎 АНАЛИЗ ПРОФИЛЯ: @Doberart
2026-09-13 18:13:44 [INFO] ============================================================
2026-09-13 18:13:44 [INFO]   📌 Сбор актуальной ленты...
2026-09-13 18:13:46 [INFO] 
  🕰️ [МАШИНА ВРЕМЕНИ] Поиск до 2024-11-08...
2026-09-13 18:14:42 [INFO] 
  🕰️ [МАШИНА ВРЕМЕНИ] Поиск до 2024-10-24...
2026-09-13 18:15:39 [INFO] 
  🕰️ [МАШИНА ВРЕМЕНИ] Поиск до 2024-09-23...
2026-09-13 18:16:54 [INFO]   ✅ ИТОГ (@Doberart): Успешно. Всего постов: 466 (Новых: 52)
2026-09-13 18:16:54 [INFO] 
🏁 ПАРСИНГ ЗАВЕРШЕН за 189.39 сек.

2026-09-13 18:16:54 [LOOP] ✅ Работа скрапера завершена.
2026-09-13 18:17:54 [LOOP] ▶️ ЗАПУСК #9...
2026-09-13 18:17:54 [INFO] 
★★★★★★★★★★★★★★★★★★★★★★★★★★★★★★★★★★★★★★★★★★★★★★★★★★★★★★★★★★★★
2026-09-13 18:17:54 [INFO] 🚀 ЗАПУСК BENDY SNIPER FEED SCRAPER (Машина Времени Активна)
2026-09-13 18:17:54 [INFO] ★★★★★★★★★★★★★★★★★★★★★★★★★★★★★★★★★★★★★★★★★★★★★★★★★★★★★★★★★★★★

2026-09-13 18:17:54 [INFO] 
============================================================
2026-09-13 18:17:54 [INFO] 🔎 АНАЛИЗ ПРОФИЛЯ: @Doberart
2026-09-13 18:17:54 [INFO] ============================================================
2026-09-13 18:17:54 [INFO]   📌 Сбор актуальной ленты...
2026-09-13 18:18:48 [INFO] 
  🕰️ [МАШИНА ВРЕМЕНИ] Поиск до 2024-08-20...
2026-09-13 18:18:56 [INFO] 
  🕰️ [МАШИНА ВРЕМЕНИ] Поиск до 2024-07-06...
2026-09-13 18:19:17 [INFO] 
  🕰️ [МАШИНА ВРЕМЕНИ] Поиск до 2024-06-03...
2026-09-13 18:20:28 [INFO]   ✅ ИТОГ (@Doberart): Успешно. Всего постов: 519 (Новых: 53)
2026-09-13 18:20:28 [INFO] 
🏁 ПАРСИНГ ЗАВЕРШЕН за 154.39 сек.

2026-09-13 18:20:28 [LOOP] ✅ Работа скрапера завершена.
2026-09-13 18:21:28 [LOOP] ▶️ ЗАПУСК #10...
2026-09-13 18:21:29 [INFO] 
★★★★★★★★★★★★★★★★★★★★★★★★★★★★★★★★★★★★★★★★★★★★★★★★★★★★★★★★★★★★
2026-09-13 18:21:29 [INFO] 🚀 ЗАПУСК BENDY SNIPER FEED SCRAPER (Машина Времени Активна)
2026-09-13 18:21:29 [INFO] ★★★★★★★★★★★★★★★★★★★★★★★★★★★★★★★★★★★★★★★★★★★★★★★★★★★★★★★★★★★★

2026-09-13 18:21:29 [INFO] 
============================================================
2026-09-13 18:21:29 [INFO] 🔎 АНАЛИЗ ПРОФИЛЯ: @Doberart
2026-09-13 18:21:29 [INFO] ============================================================
2026-09-13 18:21:29 [INFO]   📌 Сбор актуальной ленты...
2026-09-13 18:21:30 [INFO] 
  🕰️ [МАШИНА ВРЕМЕНИ] Поиск до 2024-05-11...
2026-09-13 18:21:38 [INFO] 
  🕰️ [МАШИНА ВРЕМЕНИ] Поиск до 2024-04-20...
2026-09-13 18:21:54 [INFO] 
  🕰️ [МАШИНА ВРЕМЕНИ] Поиск до 2024-03-26...
2026-09-13 18:22:41 [INFO]   ✅ ИТОГ (@Doberart): Успешно. Всего постов: 570 (Новых: 51)
2026-09-13 18:22:41 [INFO] 
🏁 ПАРСИНГ ЗАВЕРШЕН за 72.09 сек.

2026-09-13 18:22:41 [LOOP] ✅ Работа скрапера завершена.
2026-09-13 18:23:41 [LOOP] ▶️ ЗАПУСК #11...
2026-09-13 18:23:41 [INFO] 
★★★★★★★★★★★★★★★★★★★★★★★★★★★★★★★★★★★★★★★★★★★★★★★★★★★★★★★★★★★★
2026-09-13 18:23:41 [INFO] 🚀 ЗАПУСК BENDY SNIPER FEED SCRAPER (Машина Времени Активна)
2026-09-13 18:23:41 [INFO] ★★★★★★★★★★★★★★★★★★★★★★★★★★★★★★★★★★★★★★★★★★★★★★★★★★★★★★★★★★★★

2026-09-13 18:23:41 [INFO] 
============================================================
2026-09-13 18:23:41 [INFO] 🔎 АНАЛИЗ ПРОФИЛЯ: @Doberart
2026-09-13 18:23:41 [INFO] ============================================================
2026-09-13 18:23:41 [INFO]   📌 Сбор актуальной ленты...
2026-09-13 18:23:51 [INFO] 
  🕰️ [МАШИНА ВРЕМЕНИ] Поиск до 2024-02-26...
2026-09-13 18:23:59 [INFO] 
  🕰️ [МАШИНА ВРЕМЕНИ] Поиск до 2024-02-11...
2026-09-13 18:24:33 [INFO] 
  🕰️ [МАШИНА ВРЕМЕНИ] Поиск до 2024-02-01...
2026-09-13 18:25:20 [INFO]   ✅ ИТОГ (@Doberart): Успешно. Всего постов: 613 (Новых: 43)
2026-09-13 18:25:20 [INFO] 
🏁 ПАРСИНГ ЗАВЕРШЕН за 98.97 сек.

2026-09-13 18:25:20 [LOOP] ✅ Работа скрапера завершена.
2026-09-13 18:26:20 [LOOP] ▶️ ЗАПУСК #12...
2026-09-13 18:26:20 [INFO] 
★★★★★★★★★★★★★★★★★★★★★★★★★★★★★★★★★★★★★★★★★★★★★★★★★★★★★★★★★★★★
2026-09-13 18:26:20 [INFO] 🚀 ЗАПУСК BENDY SNIPER FEED SCRAPER (Машина Времени Активна)
2026-09-13 18:26:20 [INFO] ★★★★★★★★★★★★★★★★★★★★★★★★★★★★★★★★★★★★★★★★★★★★★★★★★★★★★★★★★★★★

2026-09-13 18:26:20 [INFO] 
============================================================
2026-09-13 18:26:20 [INFO] 🔎 АНАЛИЗ ПРОФИЛЯ: @Doberart
2026-09-13 18:26:20 [INFO] ============================================================
2026-09-13 18:26:20 [INFO]   📌 Сбор актуальной ленты...
2026-09-13 18:27:11 [INFO] 
  🕰️ [МАШИНА ВРЕМЕНИ] Поиск до 2024-01-17...
2026-09-13 18:28:02 [INFO] 
  🕰️ [МАШИНА ВРЕМЕНИ] Поиск до 2024-01-12...
2026-09-13 18:28:21 [INFO] 
  🕰️ [МАШИНА ВРЕМЕНИ] Поиск до 2024-01-10...
2026-09-13 18:28:46 [INFO]   ✅ ИТОГ (@Doberart): Успешно. Всего постов: 661 (Новых: 48)
2026-09-13 18:28:46 [INFO] 
🏁 ПАРСИНГ ЗАВЕРШЕН за 146.04 сек.

2026-09-13 18:28:46 [LOOP] ✅ Работа скрапера завершена.
2026-09-13 18:29:46 [LOOP] ▶️ ЗАПУСК #13...
2026-09-13 18:29:46 [INFO] 
★★★★★★★★★★★★★★★★★★★★★★★★★★★★★★★★★★★★★★★★★★★★★★★★★★★★★★★★★★★★
2026-09-13 18:29:46 [INFO] 🚀 ЗАПУСК BENDY SNIPER FEED SCRAPER (Машина Времени Активна)
2026-09-13 18:29:46 [INFO] ★★★★★★★★★★★★★★★★★★★★★★★★★★★★★★★★★★★★★★★★★★★★★★★★★★★★★★★★★★★★

2026-09-13 18:29:46 [INFO] 
============================================================
2026-09-13 18:29:46 [INFO] 🔎 АНАЛИЗ ПРОФИЛЯ: @Doberart
2026-09-13 18:29:46 [INFO] ============================================================
2026-09-13 18:29:46 [INFO]   📌 Сбор актуальной ленты...
2026-09-13 18:29:57 [INFO] 
  🕰️ [МАШИНА ВРЕМЕНИ] Поиск до 2024-01-10...
2026-09-13 18:30:26 [INFO] 
  🕰️ [МАШИНА ВРЕМЕНИ] Поиск до 2023-07-14...
2026-09-13 18:30:52 [INFO] 
  🕰️ [МАШИНА ВРЕМЕНИ] Поиск до 2023-06-29...
2026-09-13 18:31:38 [INFO]   ✅ ИТОГ (@Doberart): Успешно. Всего постов: 694 (Новых: 33)
2026-09-13 18:31:38 [INFO] 
🏁 ПАРСИНГ ЗАВЕРШЕН за 111.53 сек.

2026-09-13 18:31:38 [LOOP] ✅ Работа скрапера завершена.
2026-09-13 18:32:38 [LOOP] ▶️ ЗАПУСК #14...
2026-09-13 18:32:38 [INFO] 
★★★★★★★★★★★★★★★★★★★★★★★★★★★★★★★★★★★★★★★★★★★★★★★★★★★★★★★★★★★★
2026-09-13 18:32:38 [INFO] 🚀 ЗАПУСК BENDY SNIPER FEED SCRAPER (Машина Времени Активна)
2026-09-13 18:32:38 [INFO] ★★★★★★★★★★★★★★★★★★★★★★★★★★★★★★★★★★★★★★★★★★★★★★★★★★★★★★★★★★★★

2026-09-13 18:32:38 [INFO] 
============================================================
2026-09-13 18:32:38 [INFO] 🔎 АНАЛИЗ ПРОФИЛЯ: @Doberart
2026-09-13 18:32:38 [INFO] ============================================================
2026-09-13 18:32:38 [INFO]   📌 Сбор актуальной ленты...
2026-09-13 18:32:51 [INFO] 
  🕰️ [МАШИНА ВРЕМЕНИ] Поиск до 2023-06-23...
2026-09-13 18:33:47 [INFO] 
  🕰️ [МАШИНА ВРЕМЕНИ] Поиск до 2023-06-11...
2026-09-13 18:34:35 [INFO] 
  🕰️ [МАШИНА ВРЕМЕНИ] Поиск до 2023-05-28...
2026-09-13 18:35:22 [INFO]   ✅ ИТОГ (@Doberart): Успешно. Всего постов: 748 (Новых: 54)
2026-09-13 18:35:22 [INFO] 
🏁 ПАРСИНГ ЗАВЕРШЕН за 163.79 сек.

2026-09-13 18:35:22 [LOOP] ✅ Работа скрапера завершена.
2026-09-13 18:36:22 [LOOP] ▶️ ЗАПУСК #15...
2026-09-13 18:36:22 [INFO] 
★★★★★★★★★★★★★★★★★★★★★★★★★★★★★★★★★★★★★★★★★★★★★★★★★★★★★★★★★★★★
2026-09-13 18:36:22 [INFO] 🚀 ЗАПУСК BENDY SNIPER FEED SCRAPER (Машина Времени Активна)
2026-09-13 18:36:22 [INFO] ★★★★★★★★★★★★★★★★★★★★★★★★★★★★★★★★★★★★★★★★★★★★★★★★★★★★★★★★★★★★

2026-09-13 18:36:22 [INFO] 
============================================================
2026-09-13 18:36:22 [INFO] 🔎 АНАЛИЗ ПРОФИЛЯ: @Doberart
2026-09-13 18:36:22 [INFO] ============================================================
2026-09-13 18:36:22 [INFO]   📌 Сбор актуальной ленты...
2026-09-13 18:37:02 [INFO] 
  🕰️ [МАШИНА ВРЕМЕНИ] Поиск до 2023-05-20...
2026-09-13 18:37:11 [INFO] 
  🕰️ [МАШИНА ВРЕМЕНИ] Поиск до 2023-05-09...
2026-09-13 18:37:30 [INFO] 
  🕰️ [МАШИНА ВРЕМЕНИ] Поиск до 2023-04-28...
2026-09-13 18:38:50 [INFO]   ✅ ИТОГ (@Doberart): Успешно. Всего постов: 797 (Новых: 49)
2026-09-13 18:38:50 [INFO] 
🏁 ПАРСИНГ ЗАВЕРШЕН за 147.98 сек.

2026-09-13 18:38:50 [LOOP] ✅ Работа скрапера завершена.
2026-09-13 18:39:50 [LOOP] ▶️ ЗАПУСК #16...
2026-09-13 18:39:50 [INFO] 
★★★★★★★★★★★★★★★★★★★★★★★★★★★★★★★★★★★★★★★★★★★★★★★★★★★★★★★★★★★★
2026-09-13 18:39:50 [INFO] 🚀 ЗАПУСК BENDY SNIPER FEED SCRAPER (Машина Времени Активна)
2026-09-13 18:39:50 [INFO] ★★★★★★★★★★★★★★★★★★★★★★★★★★★★★★★★★★★★★★★★★★★★★★★★★★★★★★★★★★★★

2026-09-13 18:39:50 [INFO] 
============================================================
2026-09-13 18:39:50 [INFO] 🔎 АНАЛИЗ ПРОФИЛЯ: @Doberart
2026-09-13 18:39:50 [INFO] ============================================================
2026-09-13 18:39:50 [INFO]   📌 Сбор актуальной ленты...
2026-09-13 18:39:59 [INFO] 
  🕰️ [МАШИНА ВРЕМЕНИ] Поиск до 2023-04-16...
2026-09-13 18:40:45 [INFO] 
  🕰️ [МАШИНА ВРЕМЕНИ] Поиск до 2023-04-14...
2026-09-13 18:41:37 [INFO] 
  🕰️ [МАШИНА ВРЕМЕНИ] Поиск до 2023-04-13...
2026-09-13 18:42:32 [INFO]   ✅ ИТОГ (@Doberart): Успешно. Всего постов: 825 (Новых: 28)
2026-09-13 18:42:32 [INFO] 
🏁 ПАРСИНГ ЗАВЕРШЕН за 161.88 сек.

2026-09-13 18:42:32 [LOOP] ✅ Работа скрапера завершена.
2026-09-13 18:43:32 [LOOP] ▶️ ЗАПУСК #17...
2026-09-13 18:43:33 [INFO] 
★★★★★★★★★★★★★★★★★★★★★★★★★★★★★★★★★★★★★★★★★★★★★★★★★★★★★★★★★★★★
2026-09-13 18:43:33 [INFO] 🚀 ЗАПУСК BENDY SNIPER FEED SCRAPER (Машина Времени Активна)
2026-09-13 18:43:33 [INFO] ★★★★★★★★★★★★★★★★★★★★★★★★★★★★★★★★★★★★★★★★★★★★★★★★★★★★★★★★★★★★

2026-09-13 18:43:33 [INFO] 
============================================================
2026-09-13 18:43:33 [INFO] 🔎 АНАЛИЗ ПРОФИЛЯ: @Doberart
2026-09-13 18:43:33 [INFO] ============================================================
2026-09-13 18:43:33 [INFO]   📌 Сбор актуальной ленты...
2026-09-13 18:44:23 [INFO] 
  🕰️ [МАШИНА ВРЕМЕНИ] Поиск до 2023-04-10...
2026-09-13 18:44:32 [INFO] 
  🕰️ [МАШИНА ВРЕМЕНИ] Поиск до 2023-04-07...
2026-09-13 18:44:49 [INFO] 
  🕰️ [МАШИНА ВРЕМЕНИ] Поиск до 2023-04-04...
2026-09-13 18:45:49 [INFO]   ✅ ИТОГ (@Doberart): Успешно. Всего постов: 861 (Новых: 36)
2026-09-13 18:45:49 [INFO] 
🏁 ПАРСИНГ ЗАВЕРШЕН за 136.68 сек.

2026-09-13 18:45:49 [LOOP] ✅ Работа скрапера завершена.
2026-09-13 18:46:49 [LOOP] ▶️ ЗАПУСК #18...
2026-09-13 18:46:49 [INFO] 
★★★★★★★★★★★★★★★★★★★★★★★★★★★★★★★★★★★★★★★★★★★★★★★★★★★★★★★★★★★★
2026-09-13 18:46:49 [INFO] 🚀 ЗАПУСК BENDY SNIPER FEED SCRAPER (Машина Времени Активна)
2026-09-13 18:46:49 [INFO] ★★★★★★★★★★★★★★★★★★★★★★★★★★★★★★★★★★★★★★★★★★★★★★★★★★★★★★★★★★★★

2026-09-13 18:46:49 [INFO] 
============================================================
2026-09-13 18:46:49 [INFO] 🔎 АНАЛИЗ ПРОФИЛЯ: @Doberart
2026-09-13 18:46:49 [INFO] ============================================================
2026-09-13 18:46:49 [INFO]   📌 Сбор актуальной ленты...
2026-09-13 18:46:51 [INFO] 
  🕰️ [МАШИНА ВРЕМЕНИ] Поиск до 2023-03-29...
2026-09-13 18:47:00 [INFO] 
  🕰️ [МАШИНА ВРЕМЕНИ] Поиск до 2023-03-22...
2026-09-13 18:47:59 [INFO] 
  🕰️ [МАШИНА ВРЕМЕНИ] Поиск до 2023-03-19...
2026-09-13 18:49:09 [INFO]   ✅ ИТОГ (@Doberart): Успешно. Всего постов: 907 (Новых: 46)
2026-09-13 18:49:09 [INFO] 
🏁 ПАРСИНГ ЗАВЕРШЕН за 139.2 сек.

2026-09-13 18:49:09 [LOOP] ✅ Работа скрапера завершена.
2026-09-13 18:50:09 [LOOP] ▶️ ЗАПУСК #19...
2026-09-13 18:50:09 [INFO] 
★★★★★★★★★★★★★★★★★★★★★★★★★★★★★★★★★★★★★★★★★★★★★★★★★★★★★★★★★★★★
2026-09-13 18:50:09 [INFO] 🚀 ЗАПУСК BENDY SNIPER FEED SCRAPER (Машина Времени Активна)
2026-09-13 18:50:09 [INFO] ★★★★★★★★★★★★★★★★★★★★★★★★★★★★★★★★★★★★★★★★★★★★★★★★★★★★★★★★★★★★

2026-09-13 18:50:09 [INFO] 
============================================================
2026-09-13 18:50:09 [INFO] 🔎 АНАЛИЗ ПРОФИЛЯ: @Doberart
2026-09-13 18:50:09 [INFO] ============================================================
2026-09-13 18:50:09 [INFO]   📌 Сбор актуальной ленты...
2026-09-13 18:50:10 [INFO] 
  🕰️ [МАШИНА ВРЕМЕНИ] Поиск до 2023-03-14...
2026-09-13 18:50:26 [INFO] 
  🕰️ [МАШИНА ВРЕМЕНИ] Поиск до 2023-03-08...
2026-09-13 18:51:16 [INFO] 
  🕰️ [МАШИНА ВРЕМЕНИ] Поиск до 2023-02-12...
2026-09-13 18:52:07 [INFO]   ✅ ИТОГ (@Doberart): Успешно. Всего постов: 959 (Новых: 52)
2026-09-13 18:52:07 [INFO] 
🏁 ПАРСИНГ ЗАВЕРШЕН за 118.47 сек.

2026-09-13 18:52:07 [LOOP] ✅ Работа скрапера завершена.
2026-09-13 18:53:07 [LOOP] ▶️ ЗАПУСК #20...
2026-09-13 18:53:08 [INFO] 
★★★★★★★★★★★★★★★★★★★★★★★★★★★★★★★★★★★★★★★★★★★★★★★★★★★★★★★★★★★★
2026-09-13 18:53:08 [INFO] 🚀 ЗАПУСК BENDY SNIPER FEED SCRAPER (Машина Времени Активна)
2026-09-13 18:53:08 [INFO] ★★★★★★★★★★★★★★★★★★★★★★★★★★★★★★★★★★★★★★★★★★★★★★★★★★★★★★★★★★★★

2026-09-13 18:53:08 [INFO] 
============================================================
2026-09-13 18:53:08 [INFO] 🔎 АНАЛИЗ ПРОФИЛЯ: @Doberart
2026-09-13 18:53:08 [INFO] ============================================================
2026-09-13 18:53:08 [INFO]   📌 Сбор актуальной ленты...
2026-09-13 18:54:01 [INFO] 
  🕰️ [МАШИНА ВРЕМЕНИ] Поиск до 2023-01-26...
2026-09-13 18:54:10 [INFO] 
  🕰️ [МАШИНА ВРЕМЕНИ] Поиск до 2023-01-24...
2026-09-13 18:55:10 [INFO] 
  🕰️ [МАШИНА ВРЕМЕНИ] Поиск до 2023-01-21...
2026-09-13 18:55:42 [INFO]   ✅ ИТОГ (@Doberart): Успешно. Всего постов: 993 (Новых: 34)
2026-09-13 18:55:42 [INFO] 
🏁 ПАРСИНГ ЗАВЕРШЕН за 154.37 сек.

2026-09-13 18:55:42 [LOOP] ✅ Работа скрапера завершена.
2026-09-13 18:56:42 [LOOP] ▶️ ЗАПУСК #21...
2026-09-13 18:56:42 [INFO] 
★★★★★★★★★★★★★★★★★★★★★★★★★★★★★★★★★★★★★★★★★★★★★★★★★★★★★★★★★★★★
2026-09-13 18:56:42 [INFO] 🚀 ЗАПУСК BENDY SNIPER FEED SCRAPER (Машина Времени Активна)
2026-09-13 18:56:42 [INFO] ★★★★★★★★★★★★★★★★★★★★★★★★★★★★★★★★★★★★★★★★★★★★★★★★★★★★★★★★★★★★

2026-09-13 18:56:42 [INFO] 
============================================================
2026-09-13 18:56:42 [INFO] 🔎 АНАЛИЗ ПРОФИЛЯ: @Doberart
2026-09-13 18:56:42 [INFO] ============================================================
2026-09-13 18:56:42 [INFO]   📌 Сбор актуальной ленты...
2026-09-13 18:57:36 [INFO] 
  🕰️ [МАШИНА ВРЕМЕНИ] Поиск до 2023-01-17...
2026-09-13 18:58:36 [INFO] 
  🕰️ [МАШИНА ВРЕМЕНИ] Поиск до 2023-01-11...
2026-09-13 18:59:34 [INFO] 
  🕰️ [МАШИНА ВРЕМЕНИ] Поиск до 2023-01-08...
2026-09-13 19:00:40 [INFO]   ✅ ИТОГ (@Doberart): Успешно. Всего постов: 1039 (Новых: 46)
2026-09-13 19:00:40 [INFO] 
🏁 ПАРСИНГ ЗАВЕРШЕН за 237.77 сек.

2026-09-13 19:00:40 [LOOP] ✅ Работа скрапера завершена.
2026-09-13 19:01:40 [LOOP] ▶️ ЗАПУСК #22...
2026-09-13 19:01:40 [INFO] 
★★★★★★★★★★★★★★★★★★★★★★★★★★★★★★★★★★★★★★★★★★★★★★★★★★★★★★★★★★★★
2026-09-13 19:01:40 [INFO] 🚀 ЗАПУСК BENDY SNIPER FEED SCRAPER (Машина Времени Активна)
2026-09-13 19:01:40 [INFO] ★★★★★★★★★★★★★★★★★★★★★★★★★★★★★★★★★★★★★★★★★★★★★★★★★★★★★★★★★★★★

2026-09-13 19:01:40 [INFO] 
============================================================
2026-09-13 19:01:40 [INFO] 🔎 АНАЛИЗ ПРОФИЛЯ: @Doberart
2026-09-13 19:01:40 [INFO] ============================================================
2026-09-13 19:01:40 [INFO]   📌 Сбор актуальной ленты...
2026-09-13 19:02:42 [INFO] 
  🕰️ [МАШИНА ВРЕМЕНИ] Поиск до 2023-01-02...
2026-09-13 19:03:22 [INFO] 
  🕰️ [МАШИНА ВРЕМЕНИ] Поиск до 2022-12-27...
2026-09-13 19:04:02 [INFO] 
  🕰️ [МАШИНА ВРЕМЕНИ] Поиск до 2022-12-22...
2026-09-13 19:04:37 [INFO]   ✅ ИТОГ (@Doberart): Успешно. Всего постов: 1081 (Новых: 42)
2026-09-13 19:04:37 [INFO] 
🏁 ПАРСИНГ ЗАВЕРШЕН за 177.01 сек.

2026-09-13 19:04:37 [LOOP] ✅ Работа скрапера завершена.
2026-09-13 19:05:37 [LOOP] ▶️ ЗАПУСК #23...
2026-09-13 19:05:37 [INFO] 
★★★★★★★★★★★★★★★★★★★★★★★★★★★★★★★★★★★★★★★★★★★★★★★★★★★★★★★★★★★★
2026-09-13 19:05:37 [INFO] 🚀 ЗАПУСК BENDY SNIPER FEED SCRAPER (Машина Времени Активна)
2026-09-13 19:05:37 [INFO] ★★★★★★★★★★★★★★★★★★★★★★★★★★★★★★★★★★★★★★★★★★★★★★★★★★★★★★★★★★★★

2026-09-13 19:05:37 [INFO] 
============================================================
2026-09-13 19:05:37 [INFO] 🔎 АНАЛИЗ ПРОФИЛЯ: @Doberart
2026-09-13 19:05:37 [INFO] ============================================================
2026-09-13 19:05:37 [INFO]   📌 Сбор актуальной ленты...
2026-09-13 19:05:58 [INFO] 
  🕰️ [МАШИНА ВРЕМЕНИ] Поиск до 2022-12-20...
2026-09-13 19:06:07 [INFO] 
  🕰️ [МАШИНА ВРЕМЕНИ] Поиск до 2022-12-18...
2026-09-13 19:06:26 [INFO] 
  🕰️ [МАШИНА ВРЕМЕНИ] Поиск до 2022-12-15...
2026-09-13 19:07:04 [INFO]   ✅ ИТОГ (@Doberart): Успешно. Всего постов: 1114 (Новых: 33)
2026-09-13 19:07:04 [INFO] 
🏁 ПАРСИНГ ЗАВЕРШЕН за 86.86 сек.

2026-09-13 19:07:04 [LOOP] ✅ Работа скрапера завершена.
2026-09-13 19:08:04 [LOOP] ▶️ ЗАПУСК #24...
2026-09-13 19:08:04 [INFO] 
★★★★★★★★★★★★★★★★★★★★★★★★★★★★★★★★★★★★★★★★★★★★★★★★★★★★★★★★★★★★
2026-09-13 19:08:04 [INFO] 🚀 ЗАПУСК BENDY SNIPER FEED SCRAPER (Машина Времени Активна)
2026-09-13 19:08:04 [INFO] ★★★★★★★★★★★★★★★★★★★★★★★★★★★★★★★★★★★★★★★★★★★★★★★★★★★★★★★★★★★★

2026-09-13 19:08:04 [INFO] 
============================================================
2026-09-13 19:08:04 [INFO] 🔎 АНАЛИЗ ПРОФИЛЯ: @Doberart
2026-09-13 19:08:04 [INFO] ============================================================
2026-09-13 19:08:04 [INFO]   📌 Сбор актуальной ленты...
2026-09-13 19:08:40 [INFO] 
  🕰️ [МАШИНА ВРЕМЕНИ] Поиск до 2022-12-14...
2026-09-13 19:08:52 [INFO] 
  🕰️ [МАШИНА ВРЕМЕНИ] Поиск до 2022-12-11...
2026-09-13 19:09:37 [INFO] 
  🕰️ [МАШИНА ВРЕМЕНИ] Поиск до 2022-12-08...
2026-09-13 19:10:10 [INFO]   ✅ ИТОГ (@Doberart): Успешно. Всего постов: 1153 (Новых: 39)
2026-09-13 19:10:10 [INFO] 
🏁 ПАРСИНГ ЗАВЕРШЕН за 125.75 сек.

2026-09-13 19:10:10 [LOOP] ✅ Работа скрапера завершена.
2026-09-13 19:11:10 [LOOP] ▶️ ЗАПУСК #25...
2026-09-13 19:11:10 [INFO] 
★★★★★★★★★★★★★★★★★★★★★★★★★★★★★★★★★★★★★★★★★★★★★★★★★★★★★★★★★★★★
2026-09-13 19:11:10 [INFO] 🚀 ЗАПУСК BENDY SNIPER FEED SCRAPER (Машина Времени Активна)
2026-09-13 19:11:10 [INFO] ★★★★★★★★★★★★★★★★★★★★★★★★★★★★★★★★★★★★★★★★★★★★★★★★★★★★★★★★★★★★

2026-09-13 19:11:10 [INFO] 
============================================================
2026-09-13 19:11:10 [INFO] 🔎 АНАЛИЗ ПРОФИЛЯ: @Doberart
2026-09-13 19:11:10 [INFO] ============================================================
2026-09-13 19:11:10 [INFO]   📌 Сбор актуальной ленты...
2026-09-13 19:11:56 [INFO] 
  🕰️ [МАШИНА ВРЕМЕНИ] Поиск до 2022-12-06...
2026-09-13 19:12:15 [INFO] 
  🕰️ [МАШИНА ВРЕМЕНИ] Поиск до 2022-12-04...
2026-09-13 19:12:37 [INFO] 
  🕰️ [МАШИНА ВРЕМЕНИ] Поиск до 2022-12-02...
2026-09-13 19:13:07 [INFO]   ✅ ИТОГ (@Doberart): Успешно. Всего постов: 1182 (Новых: 29)
2026-09-13 19:13:07 [INFO] 
🏁 ПАРСИНГ ЗАВЕРШЕН за 116.21 сек.

2026-09-13 19:13:07 [LOOP] ✅ Работа скрапера завершена.
2026-09-13 19:14:07 [LOOP] ▶️ ЗАПУСК #26...
2026-09-13 19:14:07 [INFO] 
★★★★★★★★★★★★★★★★★★★★★★★★★★★★★★★★★★★★★★★★★★★★★★★★★★★★★★★★★★★★
2026-09-13 19:14:07 [INFO] 🚀 ЗАПУСК BENDY SNIPER FEED SCRAPER (Машина Времени Активна)
2026-09-13 19:14:07 [INFO] ★★★★★★★★★★★★★★★★★★★★★★★★★★★★★★★★★★★★★★★★★★★★★★★★★★★★★★★★★★★★

2026-09-13 19:14:07 [INFO] 
============================================================
2026-09-13 19:14:07 [INFO] 🔎 АНАЛИЗ ПРОФИЛЯ: @Doberart
2026-09-13 19:14:07 [INFO] ============================================================
2026-09-13 19:14:07 [INFO]   📌 Сбор актуальной ленты...
2026-09-13 19:14:51 [INFO] 
  🕰️ [МАШИНА ВРЕМЕНИ] Поиск до 2022-12-02...
2026-09-13 19:15:44 [INFO] 
  🕰️ [МАШИНА ВРЕМЕНИ] Поиск до 2022-06-05...
2026-09-13 19:15:53 [INFO] 
  🕰️ [МАШИНА ВРЕМЕНИ] Поиск до 2022-05-20...
2026-09-13 19:16:18 [INFO]   ✅ ИТОГ (@Doberart): Успешно. Всего постов: 1219 (Новых: 37)
2026-09-13 19:16:18 [INFO] 
🏁 ПАРСИНГ ЗАВЕРШЕН за 130.92 сек.

2026-09-13 19:16:18 [LOOP] ✅ Работа скрапера завершена.
2026-09-13 19:17:18 [LOOP] ▶️ ЗАПУСК #27...
2026-09-13 19:17:18 [INFO] 
★★★★★★★★★★★★★★★★★★★★★★★★★★★★★★★★★★★★★★★★★★★★★★★★★★★★★★★★★★★★
2026-09-13 19:17:18 [INFO] 🚀 ЗАПУСК BENDY SNIPER FEED SCRAPER (Машина Времени Активна)
2026-09-13 19:17:18 [INFO] ★★★★★★★★★★★★★★★★★★★★★★★★★★★★★★★★★★★★★★★★★★★★★★★★★★★★★★★★★★★★

2026-09-13 19:17:18 [INFO] 
============================================================
2026-09-13 19:17:18 [INFO] 🔎 АНАЛИЗ ПРОФИЛЯ: @Doberart
2026-09-13 19:17:18 [INFO] ============================================================
2026-09-13 19:17:18 [INFO]   📌 Сбор актуальной ленты...
2026-09-13 19:18:03 [INFO] 
  🕰️ [МАШИНА ВРЕМЕНИ] Поиск до 2022-04-27...
2026-09-13 19:19:00 [INFO] 
  🕰️ [МАШИНА ВРЕМЕНИ] Поиск до 2022-04-13...
2026-09-13 19:19:08 [INFO] 
  🕰️ [МАШИНА ВРЕМЕНИ] Поиск до 2022-03-21...
2026-09-13 19:20:28 [INFO]   ✅ ИТОГ (@Doberart): Успешно. Всего постов: 1272 (Новых: 53)
2026-09-13 19:20:28 [INFO] 
🏁 ПАРСИНГ ЗАВЕРШЕН за 190.27 сек.

2026-09-13 19:20:28 [LOOP] ✅ Работа скрапера завершена.
2026-09-13 19:21:28 [LOOP] ▶️ ЗАПУСК #28...
2026-09-13 19:21:28 [INFO] 
★★★★★★★★★★★★★★★★★★★★★★★★★★★★★★★★★★★★★★★★★★★★★★★★★★★★★★★★★★★★
2026-09-13 19:21:28 [INFO] 🚀 ЗАПУСК BENDY SNIPER FEED SCRAPER (Машина Времени Активна)
2026-09-13 19:21:28 [INFO] ★★★★★★★★★★★★★★★★★★★★★★★★★★★★★★★★★★★★★★★★★★★★★★★★★★★★★★★★★★★★

2026-09-13 19:21:28 [INFO] 
============================================================
2026-09-13 19:21:28 [INFO] 🔎 АНАЛИЗ ПРОФИЛЯ: @Doberart
2026-09-13 19:21:28 [INFO] ============================================================
2026-09-13 19:21:28 [INFO]   📌 Сбор актуальной ленты...
2026-09-13 19:21:48 [INFO] 
  🕰️ [МАШИНА ВРЕМЕНИ] Поиск до 2022-03-08...
2026-09-13 19:22:07 [INFO] 
  🕰️ [МАШИНА ВРЕМЕНИ] Поиск до 2022-02-23...
2026-09-13 19:23:05 [INFO] 
  🕰️ [МАШИНА ВРЕМЕНИ] Поиск до 2022-02-15...
2026-09-13 19:23:42 [INFO]   ✅ ИТОГ (@Doberart): Успешно. Всего постов: 1318 (Новых: 46)
2026-09-13 19:23:42 [INFO] 
🏁 ПАРСИНГ ЗАВЕРШЕН за 133.38 сек.

2026-09-13 19:23:42 [LOOP] ✅ Работа скрапера завершена.
2026-09-13 19:24:42 [LOOP] ▶️ ЗАПУСК #29...
2026-09-13 19:24:42 [INFO] 
★★★★★★★★★★★★★★★★★★★★★★★★★★★★★★★★★★★★★★★★★★★★★★★★★★★★★★★★★★★★
2026-09-13 19:24:42 [INFO] 🚀 ЗАПУСК BENDY SNIPER FEED SCRAPER (Машина Времени Активна)
2026-09-13 19:24:42 [INFO] ★★★★★★★★★★★★★★★★★★★★★★★★★★★★★★★★★★★★★★★★★★★★★★★★★★★★★★★★★★★★

2026-09-13 19:24:42 [INFO] 
============================================================
2026-09-13 19:24:42 [INFO] 🔎 АНАЛИЗ ПРОФИЛЯ: @Doberart
2026-09-13 19:24:42 [INFO] ============================================================
2026-09-13 19:24:42 [INFO]   📌 Сбор актуальной ленты...
2026-09-13 19:25:06 [INFO] 
  🕰️ [МАШИНА ВРЕМЕНИ] Поиск до 2022-02-02...
2026-09-13 19:25:23 [INFO] 
  🕰️ [МАШИНА ВРЕМЕНИ] Поиск до 2022-01-13...
2026-09-13 19:26:25 [INFO] 
  🕰️ [МАШИНА ВРЕМЕНИ] Поиск до 2022-01-03...
2026-09-13 19:27:52 [INFO]   ✅ ИТОГ (@Doberart): Успешно. Всего постов: 1368 (Новых: 50)
2026-09-13 19:27:52 [INFO] 
🏁 ПАРСИНГ ЗАВЕРШЕН за 189.86 сек.

2026-09-13 19:27:52 [LOOP] ✅ Работа скрапера завершена.
2026-09-13 19:28:52 [LOOP] ▶️ ЗАПУСК #30...
2026-09-13 19:28:52 [INFO] 
★★★★★★★★★★★★★★★★★★★★★★★★★★★★★★★★★★★★★★★★★★★★★★★★★★★★★★★★★★★★
2026-09-13 19:28:52 [INFO] 🚀 ЗАПУСК BENDY SNIPER FEED SCRAPER (Машина Времени Активна)
2026-09-13 19:28:52 [INFO] ★★★★★★★★★★★★★★★★★★★★★★★★★★★★★★★★★★★★★★★★★★★★★★★★★★★★★★★★★★★★

2026-09-13 19:28:52 [INFO] 
============================================================
2026-09-13 19:28:52 [INFO] 🔎 АНАЛИЗ ПРОФИЛЯ: @Doberart
2026-09-13 19:28:52 [INFO] ============================================================
2026-09-13 19:28:52 [INFO]   📌 Сбор актуальной ленты...
2026-09-13 19:29:27 [INFO] 
  🕰️ [МАШИНА ВРЕМЕНИ] Поиск до 2021-12-27...
2026-09-13 19:30:23 [INFO] 
  🕰️ [МАШИНА ВРЕМЕНИ] Поиск до 2021-12-15...
2026-09-13 19:31:54 [INFO]       Пусто. Делаем прыжок на 6 месяцев назад...
2026-09-13 19:31:54 [INFO] 
  🕰️ [МАШИНА ВРЕМЕНИ] Поиск до 2021-06-18...
2026-09-13 19:32:28 [INFO]   ✅ ИТОГ (@Doberart): Успешно. Всего постов: 1406 (Новых: 38)
2026-09-13 19:32:28 [INFO] 
🏁 ПАРСИНГ ЗАВЕРШЕН за 215.74 сек.

2026-09-13 19:32:28 [LOOP] ✅ Работа скрапера завершена.
2026-09-13 19:33:28 [LOOP] ▶️ ЗАПУСК #31...
2026-09-13 19:33:28 [INFO] 
★★★★★★★★★★★★★★★★★★★★★★★★★★★★★★★★★★★★★★★★★★★★★★★★★★★★★★★★★★★★
2026-09-13 19:33:28 [INFO] 🚀 ЗАПУСК BENDY SNIPER FEED SCRAPER (Машина Времени Активна)
2026-09-13 19:33:28 [INFO] ★★★★★★★★★★★★★★★★★★★★★★★★★★★★★★★★★★★★★★★★★★★★★★★★★★★★★★★★★★★★

2026-09-13 19:33:28 [INFO] 
============================================================
2026-09-13 19:33:28 [INFO] 🔎 АНАЛИЗ ПРОФИЛЯ: @Doberart
2026-09-13 19:33:28 [INFO] ============================================================
2026-09-13 19:33:28 [INFO]   📌 Сбор актуальной ленты...
2026-09-13 19:33:30 [INFO] 
  🕰️ [МАШИНА ВРЕМЕНИ] Поиск до 2021-06-03...
2026-09-13 19:34:06 [INFO] 
  🕰️ [МАШИНА ВРЕМЕНИ] Поиск до 2021-05-17...
2026-09-13 19:34:13 [INFO] 
  🕰️ [МАШИНА ВРЕМЕНИ] Поиск до 2021-04-24...
2026-09-13 19:36:00 [INFO]   ✅ ИТОГ (@Doberart): Успешно. Всего постов: 1460 (Новых: 54)
2026-09-13 19:36:00 [INFO] 
🏁 ПАРСИНГ ЗАВЕРШЕН за 151.47 сек.

2026-09-13 19:36:00 [LOOP] ✅ Работа скрапера завершена.
2026-09-13 19:37:00 [LOOP] ▶️ ЗАПУСК #32...
2026-09-13 19:37:00 [INFO] 
★★★★★★★★★★★★★★★★★★★★★★★★★★★★★★★★★★★★★★★★★★★★★★★★★★★★★★★★★★★★
2026-09-13 19:37:00 [INFO] 🚀 ЗАПУСК BENDY SNIPER FEED SCRAPER (Машина Времени Активна)
2026-09-13 19:37:00 [INFO] ★★★★★★★★★★★★★★★★★★★★★★★★★★★★★★★★★★★★★★★★★★★★★★★★★★★★★★★★★★★★

2026-09-13 19:37:00 [INFO] 
============================================================
2026-09-13 19:37:00 [INFO] 🔎 АНАЛИЗ ПРОФИЛЯ: @Doberart
2026-09-13 19:37:00 [INFO] ============================================================
2026-09-13 19:37:00 [INFO]   📌 Сбор актуальной ленты...
2026-09-13 19:37:53 [INFO] 
  🕰️ [МАШИНА ВРЕМЕНИ] Поиск до 2021-04-12...
2026-09-13 19:38:56 [INFO] 
  🕰️ [МАШИНА ВРЕМЕНИ] Поиск до 2021-04-02...
2026-09-13 19:39:20 [INFO] 
  🕰️ [МАШИНА ВРЕМЕНИ] Поиск до 2021-03-22...
2026-09-13 19:39:58 [INFO]   ✅ ИТОГ (@Doberart): Успешно. Всего постов: 1509 (Новых: 49)
2026-09-13 19:39:58 [INFO] 
🏁 ПАРСИНГ ЗАВЕРШЕН за 178.31 сек.

2026-09-13 19:39:58 [LOOP] ✅ Работа скрапера завершена.
2026-09-13 19:40:58 [LOOP] ▶️ ЗАПУСК #33...
2026-09-13 19:40:58 [INFO] 
★★★★★★★★★★★★★★★★★★★★★★★★★★★★★★★★★★★★★★★★★★★★★★★★★★★★★★★★★★★★
2026-09-13 19:40:58 [INFO] 🚀 ЗАПУСК BENDY SNIPER FEED SCRAPER (Машина Времени Активна)
2026-09-13 19:40:58 [INFO] ★★★★★★★★★★★★★★★★★★★★★★★★★★★★★★★★★★★★★★★★★★★★★★★★★★★★★★★★★★★★

2026-09-13 19:40:58 [INFO] 
============================================================
2026-09-13 19:40:58 [INFO] 🔎 АНАЛИЗ ПРОФИЛЯ: @Doberart
2026-09-13 19:40:58 [INFO] ============================================================
2026-09-13 19:40:58 [INFO]   📌 Сбор актуальной ленты...
2026-09-13 19:41:00 [INFO] 
  🕰️ [МАШИНА ВРЕМЕНИ] Поиск до 2021-03-17...
2026-09-13 19:41:39 [INFO] 
  🕰️ [МАШИНА ВРЕМЕНИ] Поиск до 2021-03-08...
2026-09-13 19:42:03 [INFO] 
  🕰️ [МАШИНА ВРЕМЕНИ] Поиск до 2021-02-24...
2026-09-13 19:43:35 [INFO]   ✅ ИТОГ (@Doberart): Успешно. Всего постов: 1559 (Новых: 50)
2026-09-13 19:43:35 [INFO] 
🏁 ПАРСИНГ ЗАВЕРШЕН за 156.38 сек.

2026-09-13 19:43:35 [LOOP] ✅ Работа скрапера завершена.
2026-09-13 19:44:35 [LOOP] ▶️ ЗАПУСК #34...
2026-09-13 19:44:35 [INFO] 
★★★★★★★★★★★★★★★★★★★★★★★★★★★★★★★★★★★★★★★★★★★★★★★★★★★★★★★★★★★★
2026-09-13 19:44:35 [INFO] 🚀 ЗАПУСК BENDY SNIPER FEED SCRAPER (Машина Времени Активна)
2026-09-13 19:44:35 [INFO] ★★★★★★★★★★★★★★★★★★★★★★★★★★★★★★★★★★★★★★★★★★★★★★★★★★★★★★★★★★★★

2026-09-13 19:44:35 [INFO] 
============================================================
2026-09-13 19:44:35 [INFO] 🔎 АНАЛИЗ ПРОФИЛЯ: @Doberart
2026-09-13 19:44:35 [INFO] ============================================================
2026-09-13 19:44:35 [INFO]   📌 Сбор актуальной ленты...
2026-09-13 19:44:57 [INFO] 
  🕰️ [МАШИНА ВРЕМЕНИ] Поиск до 2021-02-14...
2026-09-13 19:45:15 [INFO] 
  🕰️ [МАШИНА ВРЕМЕНИ] Поиск до 2021-02-08...
2026-09-13 19:45:57 [INFO] 
  🕰️ [МАШИНА ВРЕМЕНИ] Поиск до 2021-02-04...
2026-09-13 19:46:26 [INFO]   ✅ ИТОГ (@Doberart): Успешно. Всего постов: 1602 (Новых: 43)
2026-09-13 19:46:26 [INFO] 
🏁 ПАРСИНГ ЗАВЕРШЕН за 110.98 сек.

2026-09-13 19:46:26 [LOOP] ✅ Работа скрапера завершена.
2026-09-13 19:47:26 [LOOP] ▶️ ЗАПУСК #35...
2026-09-13 19:47:26 [INFO] 
★★★★★★★★★★★★★★★★★★★★★★★★★★★★★★★★★★★★★★★★★★★★★★★★★★★★★★★★★★★★
2026-09-13 19:47:26 [INFO] 🚀 ЗАПУСК BENDY SNIPER FEED SCRAPER (Машина Времени Активна)
2026-09-13 19:47:26 [INFO] ★★★★★★★★★★★★★★★★★★★★★★★★★★★★★★★★★★★★★★★★★★★★★★★★★★★★★★★★★★★★

2026-09-13 19:47:26 [INFO] 
============================================================
2026-09-13 19:47:26 [INFO] 🔎 АНАЛИЗ ПРОФИЛЯ: @Doberart
2026-09-13 19:47:26 [INFO] ============================================================
2026-09-13 19:47:26 [INFO]   📌 Сбор актуальной ленты...
2026-09-13 19:48:22 [INFO] 
  🕰️ [МАШИНА ВРЕМЕНИ] Поиск до 2021-02-04...
2026-09-13 19:49:04 [INFO] 
  🕰️ [МАШИНА ВРЕМЕНИ] Поиск до 2020-08-08...
2026-09-13 19:49:21 [INFO] 
  🕰️ [МАШИНА ВРЕМЕНИ] Поиск до 2020-08-05...
2026-09-13 19:50:38 [INFO]   ✅ ИТОГ (@Doberart): Успешно. Всего постов: 1637 (Новых: 35)
2026-09-13 19:50:38 [INFO] 
🏁 ПАРСИНГ ЗАВЕРШЕН за 192.13 сек.

2026-09-13 19:50:38 [LOOP] ✅ Работа скрапера завершена.
2026-09-13 19:51:38 [LOOP] ▶️ ЗАПУСК #36...
2026-09-13 19:51:39 [INFO] 
★★★★★★★★★★★★★★★★★★★★★★★★★★★★★★★★★★★★★★★★★★★★★★★★★★★★★★★★★★★★
2026-09-13 19:51:39 [INFO] 🚀 ЗАПУСК BENDY SNIPER FEED SCRAPER (Машина Времени Активна)
2026-09-13 19:51:39 [INFO] ★★★★★★★★★★★★★★★★★★★★★★★★★★★★★★★★★★★★★★★★★★★★★★★★★★★★★★★★★★★★

2026-09-13 19:51:39 [INFO] 
============================================================
2026-09-13 19:51:39 [INFO] 🔎 АНАЛИЗ ПРОФИЛЯ: @Doberart
2026-09-13 19:51:39 [INFO] ============================================================
2026-09-13 19:51:39 [INFO]   📌 Сбор актуальной ленты...
2026-09-13 19:51:48 [INFO] 
  🕰️ [МАШИНА ВРЕМЕНИ] Поиск до 2020-08-01...
2026-09-13 19:52:58 [INFO] 
  🕰️ [МАШИНА ВРЕМЕНИ] Поиск до 2020-07-27...
2026-09-13 19:53:20 [INFO] 
  🕰️ [МАШИНА ВРЕМЕНИ] Поиск до 2020-07-22...
2026-09-13 19:54:23 [INFO]   ✅ ИТОГ (@Doberart): Успешно. Всего постов: 1682 (Новых: 45)
2026-09-13 19:54:23 [INFO] 
🏁 ПАРСИНГ ЗАВЕРШЕН за 164.71 сек.

2026-09-13 19:54:23 [LOOP] ✅ Работа скрапера завершена.
2026-09-13 19:55:23 [LOOP] ▶️ ЗАПУСК #37...
2026-09-13 19:55:23 [INFO] 
★★★★★★★★★★★★★★★★★★★★★★★★★★★★★★★★★★★★★★★★★★★★★★★★★★★★★★★★★★★★
2026-09-13 19:55:23 [INFO] 🚀 ЗАПУСК BENDY SNIPER FEED SCRAPER (Машина Времени Активна)
2026-09-13 19:55:23 [INFO] ★★★★★★★★★★★★★★★★★★★★★★★★★★★★★★★★★★★★★★★★★★★★★★★★★★★★★★★★★★★★

2026-09-13 19:55:23 [INFO] 
============================================================
2026-09-13 19:55:23 [INFO] 🔎 АНАЛИЗ ПРОФИЛЯ: @Doberart
2026-09-13 19:55:23 [INFO] ============================================================
2026-09-13 19:55:24 [INFO]   📌 Сбор актуальной ленты...
2026-09-13 19:55:34 [INFO] 
  🕰️ [МАШИНА ВРЕМЕНИ] Поиск до 2020-07-17...
2026-09-13 19:56:38 [INFO]       Пусто. Делаем прыжок на 6 месяцев назад...
2026-09-13 19:56:38 [INFO] 
  🕰️ [МАШИНА ВРЕМЕНИ] Поиск до 2020-01-19...
2026-09-13 19:57:31 [INFO] 
  🕰️ [МАШИНА ВРЕМЕНИ] Поиск до 2020-01-12...
2026-09-13 19:57:50 [INFO]   ✅ ИТОГ (@Doberart): Успешно. Всего постов: 1716 (Новых: 34)
2026-09-13 19:57:50 [INFO] 
🏁 ПАРСИНГ ЗАВЕРШЕН за 146.53 сек.

2026-09-13 19:57:50 [LOOP] ✅ Работа скрапера завершена.
2026-09-13 19:58:50 [LOOP] ▶️ ЗАПУСК #38...
2026-09-13 19:58:50 [INFO] 
★★★★★★★★★★★★★★★★★★★★★★★★★★★★★★★★★★★★★★★★★★★★★★★★★★★★★★★★★★★★
2026-09-13 19:58:50 [INFO] 🚀 ЗАПУСК BENDY SNIPER FEED SCRAPER (Машина Времени Активна)
2026-09-13 19:58:50 [INFO] ★★★★★★★★★★★★★★★★★★★★★★★★★★★★★★★★★★★★★★★★★★★★★★★★★★★★★★★★★★★★

2026-09-13 19:58:50 [INFO] 
============================================================
2026-09-13 19:58:50 [INFO] 🔎 АНАЛИЗ ПРОФИЛЯ: @Doberart
2026-09-13 19:58:50 [INFO] ============================================================
2026-09-13 19:58:50 [INFO]   📌 Сбор актуальной ленты...
2026-09-13 19:59:05 [INFO] 
  🕰️ [МАШИНА ВРЕМЕНИ] Поиск до 2020-01-08...
2026-09-13 19:59:14 [INFO] 
  🕰️ [МАШИНА ВРЕМЕНИ] Поиск до 2020-01-06...
2026-09-13 19:59:24 [INFO] 
  🕰️ [МАШИНА ВРЕМЕНИ] Поиск до 2020-01-03...
2026-09-13 20:00:01 [INFO]   ✅ ИТОГ (@Doberart): Успешно. Всего постов: 1748 (Новых: 32)
2026-09-13 20:00:01 [INFO] 
🏁 ПАРСИНГ ЗАВЕРШЕН за 70.84 сек.

2026-09-13 20:00:01 [LOOP] ✅ Работа скрапера завершена.
2026-09-13 20:01:01 [LOOP] ▶️ ЗАПУСК #39...
2026-09-13 20:01:01 [INFO] 
★★★★★★★★★★★★★★★★★★★★★★★★★★★★★★★★★★★★★★★★★★★★★★★★★★★★★★★★★★★★
2026-09-13 20:01:01 [INFO] 🚀 ЗАПУСК BENDY SNIPER FEED SCRAPER (Машина Времени Активна)
2026-09-13 20:01:01 [INFO] ★★★★★★★★★★★★★★★★★★★★★★★★★★★★★★★★★★★★★★★★★★★★★★★★★★★★★★★★★★★★

2026-09-13 20:01:01 [INFO] 
============================================================
2026-09-13 20:01:01 [INFO] 🔎 АНАЛИЗ ПРОФИЛЯ: @Doberart
2026-09-13 20:01:01 [INFO] ============================================================
2026-09-13 20:01:01 [INFO]   📌 Сбор актуальной ленты...
2026-09-13 20:01:03 [INFO] 
  🕰️ [МАШИНА ВРЕМЕНИ] Поиск до 2020-01-01...
2026-09-13 20:02:03 [INFO] 
  🕰️ [МАШИНА ВРЕМЕНИ] Поиск до 2019-12-28...
2026-09-13 20:02:53 [INFO] 
  🕰️ [МАШИНА ВРЕМЕНИ] Поиск до 2019-12-22...
2026-09-13 20:03:45 [INFO]   ✅ ИТОГ (@Doberart): Успешно. Всего постов: 1791 (Новых: 43)
2026-09-13 20:03:45 [INFO] 
🏁 ПАРСИНГ ЗАВЕРШЕН за 163.44 сек.

2026-09-13 20:03:45 [LOOP] ✅ Работа скрапера завершена.
2026-09-13 20:04:45 [LOOP] ▶️ ЗАПУСК #40...
2026-09-13 20:04:45 [INFO] 
★★★★★★★★★★★★★★★★★★★★★★★★★★★★★★★★★★★★★★★★★★★★★★★★★★★★★★★★★★★★
2026-09-13 20:04:45 [INFO] 🚀 ЗАПУСК BENDY SNIPER FEED SCRAPER (Машина Времени Активна)
2026-09-13 20:04:45 [INFO] ★★★★★★★★★★★★★★★★★★★★★★★★★★★★★★★★★★★★★★★★★★★★★★★★★★★★★★★★★★★★

2026-09-13 20:04:45 [INFO] 
============================================================
2026-09-13 20:04:45 [INFO] 🔎 АНАЛИЗ ПРОФИЛЯ: @Doberart
2026-09-13 20:04:45 [INFO] ============================================================
2026-09-13 20:04:45 [INFO]   📌 Сбор актуальной ленты...
2026-09-13 20:05:36 [INFO] 
  🕰️ [МАШИНА ВРЕМЕНИ] Поиск до 2019-12-18...
2026-09-13 20:06:25 [INFO] 
  🕰️ [МАШИНА ВРЕМЕНИ] Поиск до 2019-12-15...
2026-09-13 20:07:28 [INFO] 
  🕰️ [МАШИНА ВРЕМЕНИ] Поиск до 2019-12-05...
2026-09-13 20:09:03 [INFO]   ✅ ИТОГ (@Doberart): Успешно. Всего постов: 1829 (Новых: 38)
2026-09-13 20:09:03 [INFO] 
🏁 ПАРСИНГ ЗАВЕРШЕН за 257.89 сек.

2026-09-13 20:09:03 [LOOP] ✅ Работа скрапера завершена.
2026-09-13 20:10:03 [LOOP] ▶️ ЗАПУСК #41...
2026-09-13 20:10:03 [INFO] 
★★★★★★★★★★★★★★★★★★★★★★★★★★★★★★★★★★★★★★★★★★★★★★★★★★★★★★★★★★★★
2026-09-13 20:10:03 [INFO] 🚀 ЗАПУСК BENDY SNIPER FEED SCRAPER (Машина Времени Активна)
2026-09-13 20:10:03 [INFO] ★★★★★★★★★★★★★★★★★★★★★★★★★★★★★★★★★★★★★★★★★★★★★★★★★★★★★★★★★★★★

2026-09-13 20:10:03 [INFO] 
============================================================
2026-09-13 20:10:03 [INFO] 🔎 АНАЛИЗ ПРОФИЛЯ: @Doberart
2026-09-13 20:10:03 [INFO] ============================================================
2026-09-13 20:10:03 [INFO]   📌 Сбор актуальной ленты...
2026-09-13 20:10:23 [INFO] 
  🕰️ [МАШИНА ВРЕМЕНИ] Поиск до 2019-11-29...
2026-09-13 20:10:33 [INFO] 
  🕰️ [МАШИНА ВРЕМЕНИ] Поиск до 2019-11-23...
2026-09-13 20:11:24 [INFO] 
  🕰️ [МАШИНА ВРЕМЕНИ] Поиск до 2019-11-16...
2026-09-13 20:12:39 [INFO]   ✅ ИТОГ (@Doberart): Успешно. Всего постов: 1875 (Новых: 46)
2026-09-13 20:12:39 [INFO] 
🏁 ПАРСИНГ ЗАВЕРШЕН за 156.13 сек.

2026-09-13 20:12:39 [LOOP] ✅ Работа скрапера завершена.
2026-09-13 20:13:39 [LOOP] ▶️ ЗАПУСК #42...
2026-09-13 20:13:39 [INFO] 
★★★★★★★★★★★★★★★★★★★★★★★★★★★★★★★★★★★★★★★★★★★★★★★★★★★★★★★★★★★★
2026-09-13 20:13:39 [INFO] 🚀 ЗАПУСК BENDY SNIPER FEED SCRAPER (Машина Времени Активна)
2026-09-13 20:13:39 [INFO] ★★★★★★★★★★★★★★★★★★★★★★★★★★★★★★★★★★★★★★★★★★★★★★★★★★★★★★★★★★★★

2026-09-13 20:13:39 [INFO] 
============================================================
2026-09-13 20:13:39 [INFO] 🔎 АНАЛИЗ ПРОФИЛЯ: @Doberart
2026-09-13 20:13:39 [INFO] ============================================================
2026-09-13 20:13:39 [INFO]   📌 Сбор актуальной ленты...
2026-09-13 20:13:49 [INFO] 
  🕰️ [МАШИНА ВРЕМЕНИ] Поиск до 2019-11-10...
2026-09-13 20:14:15 [INFO] 
  🕰️ [МАШИНА ВРЕМЕНИ] Поиск до 2019-11-09...
2026-09-13 20:14:26 [INFO] 
  🕰️ [МАШИНА ВРЕМЕНИ] Поиск до 2019-05-13...
2026-09-13 20:15:00 [INFO]   ✅ ИТОГ (@Doberart): Успешно. Всего постов: 1911 (Новых: 36)
2026-09-13 20:15:00 [INFO] 
🏁 ПАРСИНГ ЗАВЕРШЕН за 80.55 сек.

2026-09-13 20:15:00 [LOOP] ✅ Работа скрапера завершена.
2026-09-13 20:16:00 [LOOP] ▶️ ЗАПУСК #43...
2026-09-13 20:16:00 [INFO] 
★★★★★★★★★★★★★★★★★★★★★★★★★★★★★★★★★★★★★★★★★★★★★★★★★★★★★★★★★★★★
2026-09-13 20:16:00 [INFO] 🚀 ЗАПУСК BENDY SNIPER FEED SCRAPER (Машина Времени Активна)
2026-09-13 20:16:00 [INFO] ★★★★★★★★★★★★★★★★★★★★★★★★★★★★★★★★★★★★★★★★★★★★★★★★★★★★★★★★★★★★

2026-09-13 20:16:00 [INFO] 
============================================================
2026-09-13 20:16:00 [INFO] 🔎 АНАЛИЗ ПРОФИЛЯ: @Doberart
2026-09-13 20:16:00 [INFO] ============================================================
2026-09-13 20:16:00 [INFO]   📌 Сбор актуальной ленты...
2026-09-13 20:16:54 [INFO] 
  🕰️ [МАШИНА ВРЕМЕНИ] Поиск до 2019-05-10...
2026-09-13 20:17:02 [INFO] 
  🕰️ [МАШИНА ВРЕМЕНИ] Поиск до 2019-05-09...
2026-09-13 20:17:18 [INFO] 
  🕰️ [МАШИНА ВРЕМЕНИ] Поиск до 2019-05-08...
2026-09-13 20:17:36 [INFO]   ✅ ИТОГ (@Doberart): Успешно. Всего постов: 1935 (Новых: 24)
2026-09-13 20:17:36 [INFO] 
🏁 ПАРСИНГ ЗАВЕРШЕН за 95.77 сек.

2026-09-13 20:17:36 [LOOP] ✅ Работа скрапера завершена.
2026-09-13 20:18:36 [LOOP] ▶️ ЗАПУСК #44...
2026-09-13 20:18:36 [INFO] 
★★★★★★★★★★★★★★★★★★★★★★★★★★★★★★★★★★★★★★★★★★★★★★★★★★★★★★★★★★★★
2026-09-13 20:18:36 [INFO] 🚀 ЗАПУСК BENDY SNIPER FEED SCRAPER (Машина Времени Активна)
2026-09-13 20:18:36 [INFO] ★★★★★★★★★★★★★★★★★★★★★★★★★★★★★★★★★★★★★★★★★★★★★★★★★★★★★★★★★★★★

2026-09-13 20:18:36 [INFO] 
============================================================
2026-09-13 20:18:36 [INFO] 🔎 АНАЛИЗ ПРОФИЛЯ: @Doberart
2026-09-13 20:18:36 [INFO] ============================================================
2026-09-13 20:18:36 [INFO]   📌 Сбор актуальной ленты...
2026-09-13 20:19:30 [INFO] 
  🕰️ [МАШИНА ВРЕМЕНИ] Поиск до 2019-05-02...
2026-09-13 20:20:17 [INFO] 
  🕰️ [МАШИНА ВРЕМЕНИ] Поиск до 2019-04-27...
2026-09-13 20:20:32 [INFO] 
  🕰️ [МАШИНА ВРЕМЕНИ] Поиск до 2019-04-24...
2026-09-13 20:20:59 [INFO]   ✅ ИТОГ (@Doberart): Успешно. Всего постов: 1973 (Новых: 38)
2026-09-13 20:20:59 [INFO] 
🏁 ПАРСИНГ ЗАВЕРШЕН за 142.72 сек.

2026-09-13 20:20:59 [LOOP] ✅ Работа скрапера завершена.
2026-09-13 20:21:59 [LOOP] ▶️ ЗАПУСК #45...
2026-09-13 20:21:59 [INFO] 
★★★★★★★★★★★★★★★★★★★★★★★★★★★★★★★★★★★★★★★★★★★★★★★★★★★★★★★★★★★★
2026-09-13 20:21:59 [INFO] 🚀 ЗАПУСК BENDY SNIPER FEED SCRAPER (Машина Времени Активна)
2026-09-13 20:21:59 [INFO] ★★★★★★★★★★★★★★★★★★★★★★★★★★★★★★★★★★★★★★★★★★★★★★★★★★★★★★★★★★★★

2026-09-13 20:21:59 [INFO] 
============================================================
2026-09-13 20:21:59 [INFO] 🔎 АНАЛИЗ ПРОФИЛЯ: @Doberart
2026-09-13 20:21:59 [INFO] ============================================================
2026-09-13 20:21:59 [INFO]   📌 Сбор актуальной ленты...
2026-09-13 20:22:41 [INFO] 
  🕰️ [МАШИНА ВРЕМЕНИ] Поиск до 2019-04-20...
2026-09-13 20:23:44 [INFO] 
  🕰️ [МАШИНА ВРЕМЕНИ] Поиск до 2019-04-17...
2026-09-13 20:24:47 [INFO]       Пусто. Делаем прыжок на 6 месяцев назад...
2026-09-13 20:24:47 [INFO] 
  🕰️ [МАШИНА ВРЕМЕНИ] Поиск до 2018-10-19...
2026-09-13 20:25:54 [INFO]       Пусто. Делаем прыжок на 6 месяцев назад...
2026-09-13 20:25:59 [INFO]   ✅ ИТОГ (@Doberart): Успешно. Всего постов: 1990 (Новых: 17)
2026-09-13 20:25:59 [INFO] 
🏁 ПАРСИНГ ЗАВЕРШЕН за 239.7 сек.

2026-09-13 20:25:59 [LOOP] ✅ Работа скрапера завершена.
2026-09-13 20:26:59 [LOOP] ▶️ ЗАПУСК #46...
2026-09-13 20:26:59 [INFO] 
★★★★★★★★★★★★★★★★★★★★★★★★★★★★★★★★★★★★★★★★★★★★★★★★★★★★★★★★★★★★
2026-09-13 20:26:59 [INFO] 🚀 ЗАПУСК BENDY SNIPER FEED SCRAPER (Машина Времени Активна)
2026-09-13 20:26:59 [INFO] ★★★★★★★★★★★★★★★★★★★★★★★★★★★★★★★★★★★★★★★★★★★★★★★★★★★★★★★★★★★★

2026-09-13 20:26:59 [INFO] 
============================================================
2026-09-13 20:26:59 [INFO] 🔎 АНАЛИЗ ПРОФИЛЯ: @Doberart
2026-09-13 20:26:59 [INFO] ============================================================
2026-09-13 20:26:59 [INFO]   📌 Сбор актуальной ленты...
2026-09-13 20:28:02 [INFO] 
  🕰️ [МАШИНА ВРЕМЕНИ] Поиск до 2019-04-17...
2026-09-13 20:28:17 [INFO] 
  🕰️ [МАШИНА ВРЕМЕНИ] Поиск до 2019-04-15...
2026-09-13 20:29:15 [INFO] 
  🕰️ [МАШИНА ВРЕМЕНИ] Поиск до 2019-04-11...
2026-09-13 20:30:34 [INFO]   ✅ ИТОГ (@Doberart): Успешно. Всего постов: 2023 (Новых: 33)
2026-09-13 20:30:34 [INFO] 
🏁 ПАРСИНГ ЗАВЕРШЕН за 214.54 сек.

2026-09-13 20:30:34 [LOOP] ✅ Работа скрапера завершена.
2026-09-13 20:31:34 [LOOP] ▶️ ЗАПУСК #47...
2026-09-13 20:31:34 [INFO] 
★★★★★★★★★★★★★★★★★★★★★★★★★★★★★★★★★★★★★★★★★★★★★★★★★★★★★★★★★★★★
2026-09-13 20:31:34 [INFO] 🚀 ЗАПУСК BENDY SNIPER FEED SCRAPER (Машина Времени Активна)
2026-09-13 20:31:34 [INFO] ★★★★★★★★★★★★★★★★★★★★★★★★★★★★★★★★★★★★★★★★★★★★★★★★★★★★★★★★★★★★

2026-09-13 20:31:34 [INFO] 
============================================================
2026-09-13 20:31:34 [INFO] 🔎 АНАЛИЗ ПРОФИЛЯ: @Doberart
2026-09-13 20:31:34 [INFO] ============================================================
2026-09-13 20:31:34 [INFO]   📌 Сбор актуальной ленты...
2026-09-13 20:31:45 [INFO] 
  🕰️ [МАШИНА ВРЕМЕНИ] Поиск до 2019-04-08...
2026-09-13 20:32:34 [INFO] 
  🕰️ [МАШИНА ВРЕМЕНИ] Поиск до 2019-04-04...
2026-09-13 20:33:49 [INFO] 
  🕰️ [МАШИНА ВРЕМЕНИ] Поиск до 2019-03-31...
2026-09-13 20:36:02 [INFO]   ✅ ИТОГ (@Doberart): Успешно. Всего постов: 2061 (Новых: 38)
2026-09-13 20:36:02 [INFO] 
🏁 ПАРСИНГ ЗАВЕРШЕН за 268.42 сек.

2026-09-13 20:36:02 [LOOP] ✅ Работа скрапера завершена.
2026-09-13 20:37:02 [LOOP] ▶️ ЗАПУСК #48...
2026-09-13 20:37:03 [INFO] 
★★★★★★★★★★★★★★★★★★★★★★★★★★★★★★★★★★★★★★★★★★★★★★★★★★★★★★★★★★★★
2026-09-13 20:37:03 [INFO] 🚀 ЗАПУСК BENDY SNIPER FEED SCRAPER (Машина Времени Активна)
2026-09-13 20:37:03 [INFO] ★★★★★★★★★★★★★★★★★★★★★★★★★★★★★★★★★★★★★★★★★★★★★★★★★★★★★★★★★★★★

2026-09-13 20:37:03 [INFO] 
============================================================
2026-09-13 20:37:03 [INFO] 🔎 АНАЛИЗ ПРОФИЛЯ: @Doberart
2026-09-13 20:37:03 [INFO] ============================================================
2026-09-13 20:37:03 [INFO]   📌 Сбор актуальной ленты...
2026-09-13 20:37:09 [INFO] 
  🕰️ [МАШИНА ВРЕМЕНИ] Поиск до 2019-03-28...
2026-09-13 20:37:46 [INFO] 
  🕰️ [МАШИНА ВРЕМЕНИ] Поиск до 2019-03-24...
2026-09-13 20:38:43 [INFO] 
  🕰️ [МАШИНА ВРЕМЕНИ] Поиск до 2019-03-18...
2026-09-13 20:39:57 [INFO]   ✅ ИТОГ (@Doberart): Успешно. Всего постов: 2105 (Новых: 44)
2026-09-13 20:39:57 [INFO] 
🏁 ПАРСИНГ ЗАВЕРШЕН за 174.33 сек.

2026-09-13 20:39:57 [LOOP] ✅ Работа скрапера завершена.
2026-09-13 20:40:57 [LOOP] ▶️ ЗАПУСК #49...
2026-09-13 20:40:57 [INFO] 
★★★★★★★★★★★★★★★★★★★★★★★★★★★★★★★★★★★★★★★★★★★★★★★★★★★★★★★★★★★★
2026-09-13 20:40:57 [INFO] 🚀 ЗАПУСК BENDY SNIPER FEED SCRAPER (Машина Времени Активна)
2026-09-13 20:40:57 [INFO] ★★★★★★★★★★★★★★★★★★★★★★★★★★★★★★★★★★★★★★★★★★★★★★★★★★★★★★★★★★★★

2026-09-13 20:40:57 [INFO] 
============================================================
2026-09-13 20:40:57 [INFO] 🔎 АНАЛИЗ ПРОФИЛЯ: @Doberart
2026-09-13 20:40:57 [INFO] ============================================================
2026-09-13 20:40:57 [INFO]   📌 Сбор актуальной ленты...
2026-09-13 20:41:39 [INFO] 
  🕰️ [МАШИНА ВРЕМЕНИ] Поиск до 2019-03-13...
2026-09-13 20:42:41 [INFO] 
  🕰️ [МАШИНА ВРЕМЕНИ] Поиск до 2019-03-10...
2026-09-13 20:43:42 [INFO] 
  🕰️ [МАШИНА ВРЕМЕНИ] Поиск до 2019-03-04...
2026-09-13 20:45:04 [INFO]   ✅ ИТОГ (@Doberart): Успешно. Всего постов: 2152 (Новых: 47)
2026-09-13 20:45:04 [INFO] 
🏁 ПАРСИНГ ЗАВЕРШЕН за 246.35 сек.

2026-09-13 20:45:04 [LOOP] ✅ Работа скрапера завершена.
2026-09-13 20:46:04 [LOOP] ▶️ ЗАПУСК #50...
2026-09-13 20:46:04 [INFO] 
★★★★★★★★★★★★★★★★★★★★★★★★★★★★★★★★★★★★★★★★★★★★★★★★★★★★★★★★★★★★
2026-09-13 20:46:04 [INFO] 🚀 ЗАПУСК BENDY SNIPER FEED SCRAPER (Машина Времени Активна)
2026-09-13 20:46:04 [INFO] ★★★★★★★★★★★★★★★★★★★★★★★★★★★★★★★★★★★★★★★★★★★★★★★★★★★★★★★★★★★★

2026-09-13 20:46:04 [INFO] 
============================================================
2026-09-13 20:46:04 [INFO] 🔎 АНАЛИЗ ПРОФИЛЯ: @Doberart
2026-09-13 20:46:04 [INFO] ============================================================
2026-09-13 20:46:04 [INFO]   📌 Сбор актуальной ленты...
2026-09-13 20:46:19 [INFO] 
  🕰️ [МАШИНА ВРЕМЕНИ] Поиск до 2019-02-27...
2026-09-13 20:46:36 [INFO] 
  🕰️ [МАШИНА ВРЕМЕНИ] Поиск до 2019-02-20...
2026-09-13 20:46:58 [INFO] 
  🕰️ [МАШИНА ВРЕМЕНИ] Поиск до 2019-02-16...
2026-09-13 20:47:32 [INFO]   ✅ ИТОГ (@Doberart): Успешно. Всего постов: 2196 (Новых: 44)
2026-09-13 20:47:32 [INFO] 
🏁 ПАРСИНГ ЗАВЕРШЕН за 88.08 сек.

2026-09-13 20:47:32 [LOOP] ✅ Работа скрапера завершена.
2026-09-13 20:48:32 [LOOP] ▶️ ЗАПУСК #51...
2026-09-13 20:48:32 [INFO] 
★★★★★★★★★★★★★★★★★★★★★★★★★★★★★★★★★★★★★★★★★★★★★★★★★★★★★★★★★★★★
2026-09-13 20:48:32 [INFO] 🚀 ЗАПУСК BENDY SNIPER FEED SCRAPER (Машина Времени Активна)
2026-09-13 20:48:32 [INFO] ★★★★★★★★★★★★★★★★★★★★★★★★★★★★★★★★★★★★★★★★★★★★★★★★★★★★★★★★★★★★

2026-09-13 20:48:32 [INFO] 
============================================================
2026-09-13 20:48:32 [INFO] 🔎 АНАЛИЗ ПРОФИЛЯ: @Doberart
2026-09-13 20:48:32 [INFO] ============================================================
2026-09-13 20:48:32 [INFO]   📌 Сбор актуальной ленты...
2026-09-13 20:48:44 [INFO] 
  🕰️ [МАШИНА ВРЕМЕНИ] Поиск до 2019-02-13...
2026-09-13 20:49:14 [INFO] 
  🕰️ [МАШИНА ВРЕМЕНИ] Поиск до 2019-02-11...
2026-09-13 20:49:23 [INFO] 
  🕰️ [МАШИНА ВРЕМЕНИ] Поиск до 2019-02-10...
2026-09-13 20:50:20 [INFO]   ✅ ИТОГ (@Doberart): Успешно. Всего постов: 2227 (Новых: 31)
2026-09-13 20:50:20 [INFO] 
🏁 ПАРСИНГ ЗАВЕРШЕН за 107.9 сек.

2026-09-13 20:50:20 [LOOP] ✅ Работа скрапера завершена.
2026-09-13 20:51:20 [LOOP] ▶️ ЗАПУСК #52...
2026-09-13 20:51:20 [INFO] 
★★★★★★★★★★★★★★★★★★★★★★★★★★★★★★★★★★★★★★★★★★★★★★★★★★★★★★★★★★★★
2026-09-13 20:51:20 [INFO] 🚀 ЗАПУСК BENDY SNIPER FEED SCRAPER (Машина Времени Активна)
2026-09-13 20:51:20 [INFO] ★★★★★★★★★★★★★★★★★★★★★★★★★★★★★★★★★★★★★★★★★★★★★★★★★★★★★★★★★★★★

2026-09-13 20:51:20 [INFO] 
============================================================
2026-09-13 20:51:20 [INFO] 🔎 АНАЛИЗ ПРОФИЛЯ: @Doberart
2026-09-13 20:51:20 [INFO] ============================================================
2026-09-13 20:51:20 [INFO]   📌 Сбор актуальной ленты...
2026-09-13 20:52:12 [INFO] 
  🕰️ [МАШИНА ВРЕМЕНИ] Поиск до 2019-02-08...
2026-09-13 20:52:54 [INFO] 
  🕰️ [МАШИНА ВРЕМЕНИ] Поиск до 2019-02-03...
2026-09-13 20:53:34 [INFO] 
  🕰️ [МАШИНА ВРЕМЕНИ] Поиск до 2019-01-30...
2026-09-13 20:54:10 [INFO]   ✅ ИТОГ (@Doberart): Успешно. Всего постов: 2270 (Новых: 43)
2026-09-13 20:54:10 [INFO] 
🏁 ПАРСИНГ ЗАВЕРШЕН за 170.08 сек.

2026-09-13 20:54:10 [LOOP] ✅ Работа скрапера завершена.
2026-09-13 20:55:10 [LOOP] ▶️ ЗАПУСК #53...
2026-09-13 20:55:11 [INFO] 
★★★★★★★★★★★★★★★★★★★★★★★★★★★★★★★★★★★★★★★★★★★★★★★★★★★★★★★★★★★★
2026-09-13 20:55:11 [INFO] 🚀 ЗАПУСК BENDY SNIPER FEED SCRAPER (Машина Времени Активна)
2026-09-13 20:55:11 [INFO] ★★★★★★★★★★★★★★★★★★★★★★★★★★★★★★★★★★★★★★★★★★★★★★★★★★★★★★★★★★★★

2026-09-13 20:55:11 [INFO] 
============================================================
2026-09-13 20:55:11 [INFO] 🔎 АНАЛИЗ ПРОФИЛЯ: @Doberart
2026-09-13 20:55:11 [INFO] ============================================================
2026-09-13 20:55:11 [INFO]   📌 Сбор актуальной ленты...
2026-09-13 20:55:13 [INFO] 
  🕰️ [МАШИНА ВРЕМЕНИ] Поиск до 2019-01-23...
2026-09-13 20:56:17 [INFO] 
  🕰️ [МАШИНА ВРЕМЕНИ] Поиск до 2019-01-18...
2026-09-13 20:56:57 [INFO] 
  🕰️ [МАШИНА ВРЕМЕНИ] Поиск до 2019-01-16...
2026-09-13 20:57:22 [INFO]   ✅ ИТОГ (@Doberart): Успешно. Всего постов: 2304 (Новых: 34)
2026-09-13 20:57:22 [INFO] 
🏁 ПАРСИНГ ЗАВЕРШЕН за 131.76 сек.

2026-09-13 20:57:22 [LOOP] ✅ Работа скрапера завершена.
2026-09-13 20:58:22 [LOOP] ▶️ ЗАПУСК #54...
2026-09-13 20:58:23 [INFO] 
★★★★★★★★★★★★★★★★★★★★★★★★★★★★★★★★★★★★★★★★★★★★★★★★★★★★★★★★★★★★
2026-09-13 20:58:23 [INFO] 🚀 ЗАПУСК BENDY SNIPER FEED SCRAPER (Машина Времени Активна)
2026-09-13 20:58:23 [INFO] ★★★★★★★★★★★★★★★★★★★★★★★★★★★★★★★★★★★★★★★★★★★★★★★★★★★★★★★★★★★★

2026-09-13 20:58:23 [INFO] 
============================================================
2026-09-13 20:58:23 [INFO] 🔎 АНАЛИЗ ПРОФИЛЯ: @Doberart
2026-09-13 20:58:23 [INFO] ============================================================
2026-09-13 20:58:23 [INFO]   📌 Сбор актуальной ленты...
2026-09-13 20:58:34 [INFO] 
  🕰️ [МАШИНА ВРЕМЕНИ] Поиск до 2019-01-13...
2026-09-13 20:58:45 [INFO] 
  🕰️ [МАШИНА ВРЕМЕНИ] Поиск до 2019-01-06...
2026-09-13 20:58:56 [INFO] 
  🕰️ [МАШИНА ВРЕМЕНИ] Поиск до 2019-01-04...
2026-09-13 21:00:17 [INFO]   ✅ ИТОГ (@Doberart): Успешно. Всего постов: 2337 (Новых: 33)
2026-09-13 21:00:17 [INFO] 
🏁 ПАРСИНГ ЗАВЕРШЕН за 114.58 сек.

2026-09-13 21:00:17 [LOOP] ✅ Работа скрапера завершена.
2026-09-13 21:01:17 [LOOP] ▶️ ЗАПУСК #55...
2026-09-13 21:01:17 [INFO] 
★★★★★★★★★★★★★★★★★★★★★★★★★★★★★★★★★★★★★★★★★★★★★★★★★★★★★★★★★★★★
2026-09-13 21:01:17 [INFO] 🚀 ЗАПУСК BENDY SNIPER FEED SCRAPER (Машина Времени Активна)
2026-09-13 21:01:17 [INFO] ★★★★★★★★★★★★★★★★★★★★★★★★★★★★★★★★★★★★★★★★★★★★★★★★★★★★★★★★★★★★

2026-09-13 21:01:17 [INFO] 
============================================================
2026-09-13 21:01:17 [INFO] 🔎 АНАЛИЗ ПРОФИЛЯ: @Doberart
2026-09-13 21:01:17 [INFO] ============================================================
2026-09-13 21:01:17 [INFO]   📌 Сбор актуальной ленты...
2026-09-13 21:01:22 [INFO] 
  🕰️ [МАШИНА ВРЕМЕНИ] Поиск до 2019-01-03...
2026-09-13 21:02:11 [INFO] 
  🕰️ [МАШИНА ВРЕМЕНИ] Поиск до 2018-12-29...
2026-09-13 21:02:21 [INFO] 
  🕰️ [МАШИНА ВРЕМЕНИ] Поиск до 2018-12-27...
2026-09-13 21:02:52 [INFO]   ✅ ИТОГ (@Doberart): Успешно. Всего постов: 2366 (Новых: 29)
2026-09-13 21:02:52 [INFO] 
🏁 ПАРСИНГ ЗАВЕРШЕН за 94.38 сек.

2026-09-13 21:02:52 [LOOP] ✅ Работа скрапера завершена.
2026-09-13 21:03:45 [LOOP] 🛑 Бесконечный цикл остановлен пользователем. До связи!
2026-09-13 21:05:44 [LOOP] ★★★★★★★★★★★★★★★★★★★★★★★★★★★★★★★★★★★★★★★★★★★★★★★★★★
2026-09-13 21:05:44 [LOOP] 🤖 BENDY AUTOPILOT (Бесконечный запуск парсера)
2026-09-13 21:05:44 [LOOP] 🎯 СФОКУСИРОВАННАЯ ЦЕЛЬ: @Doberart
2026-09-13 21:05:44 [LOOP] Нажми Ctrl+C в любой момент, чтобы остановить.
2026-09-13 21:05:44 [LOOP] ★★★★★★★★★★★★★★★★★★★★★★★★★★★★★★★★★★★★★★★★★★★★★★★★★★
2026-09-13 21:05:44 [LOOP] ▶️ ЗАПУСК #1...
2026-09-13 21:05:44 [INFO] 
★★★★★★★★★★★★★★★★★★★★★★★★★★★★★★★★★★★★★★★★★★★★★★★★★★★★★★★★★★★★
2026-09-13 21:05:44 [INFO] 🚀 ЗАПУСК BENDY SNIPER FEED SCRAPER (Машина Времени Активна)
2026-09-13 21:05:44 [INFO] ★★★★★★★★★★★★★★★★★★★★★★★★★★★★★★★★★★★★★★★★★★★★★★★★★★★★★★★★★★★★

2026-09-13 21:05:44 [INFO] 
============================================================
2026-09-13 21:05:44 [INFO] 🔎 АНАЛИЗ ПРОФИЛЯ: @Doberart
2026-09-13 21:05:44 [INFO] ============================================================
2026-09-13 21:05:44 [INFO]   📌 Сбор актуальной ленты...
2026-09-13 21:06:27 [INFO] 
  🕰️ [МАШИНА ВРЕМЕНИ] Поиск до 2018-12-26...
2026-09-13 21:07:50 [INFO]       Пусто. Делаем прыжок на 6 месяцев назад...
2026-09-13 21:07:50 [INFO] 
  🕰️ [МАШИНА ВРЕМЕНИ] Поиск до 2018-06-29...
